0.95,377,8,2612.42,15.3071%
0.95,507,7,2602.88,15.2512%
0.95,591,15,2542.92,14.8999%
0.95,576,11,2481.08,14.5376%
0.95,579,10,2371.74,13.8969%
0.95,499,9,2363.77,13.8502%
0.95,446,4,2264.55,13.2689%
0.95,578,15,2187.08,12.8149%
0.95,507,8,2175.65,12.7479%
0.95,566,15,2144.32,12.5644%
0.95,579,4,2124.67,12.4492%
0.95,77,5,2117.14,12.4051%
0.95,579,9,2107.44,12.3483%
0.95,587,15,2056.89,12.0521%
0.95,367,9,2004.26,11.7437%
0.95,585,3,1960.09,11.4849%
0.95,585,7,1840.66,10.7851%
0.95,350,15,1834.34,10.7481%
0.95,579,8,1818.33,10.6543%
0.95,77,6,1764.67,10.3398%
0.95,585,5,1763.16,10.331%
0.95,367,7,1760.76,10.317%
0.95,453,10,1752.6,10.2691%
0.95,575,7,1751.12,10.2605%
0.95,507,5,1694.64,9.92952%
0.95,569,14,1682.95,9.86106%
0.95,455,13,1654.01,9.69145%
0.95,304,6,1641.56,9.61854%
0.95,583,14,1626.81,9.53212%
0.95,589,5,1603.75,9.39697%
0.95,595,15,1587.54,9.30196%
0.95,568,2,1574.37,9.22485%
0.95,30,1,1534.86,8.99332%
0.95,585,11,1534.46,8.99098%
0.95,566,14,1521.87,8.91722%
0.95,577,11,1508.61,8.83953%
0.95,77,4,1502.56,8.80404%
0.95,600,14,1488.12,8.71947%
0.95,579,11,1483.67,8.69338%
0.95,499,4,1445.35,8.46882%
0.95,576,10,1415.79,8.29565%
0.95,575,6,1414.79,8.28981%
0.95,350,5,1413.4,8.28161%
0.95,552,4,1410.39,8.26398%
0.95,30,14,1406.09,8.23884%
0.95,556,5,1385.14,8.11608%
0.95,552,1,1333.39,7.81281%
0.95,350,13,1325.29,7.76538%
0.95,526,13,1314.75,7.70361%
0.95,575,11,1304.18,7.64169%
0.95,569,10,1297.99,7.6054%
0.95,377,9,1297.63,7.60332%
0.95,446,3,1293.37,7.57834%
0.95,576,1,1292.34,7.57231%
0.95,350,4,1263.35,7.40246%
0.95,577,12,1259.17,7.37794%
0.95,549,14,1248.53,7.31559%
0.95,350,14,1247.63,7.31035%
0.95,355,14,1245.24,7.29632%
0.95,377,7,1229.23,7.20255%
0.95,511,7,1223.36,7.16811%
0.95,350,11,1192.92,6.98978%
0.95,585,6,1191.76,6.98295%
0.95,446,6,1185.4,6.94567%
0.95,499,5,1180.63,6.91775%
0.95,286,5,1174.07,6.87929%
0.95,552,2,1173.45,6.87568%
0.95,552,3,1157.89,6.78453%
0.95,549,5,1154.78,6.76628%
0.95,499,13,1138.72,6.67221%
0.95,518,13,1124.59,6.58939%
0.95,507,6,1119.56,6.55994%
0.95,487,2,1117.77,6.54943%
0.95,575,12,1104.67,6.47266%
0.95,577,9,1092.39,6.40073%
0.95,439,12,1090.11,6.38735%
0.95,565,2,1083.67,6.34961%
0.95,501,1,1076.8,6.30937%
0.95,567,11,1065.21,6.24149%
0.95,453,13,1062.28,6.2243%
0.95,377,10,1060.6,6.21446%
0.95,526,4,1059.9,6.21033%
0.95,569,4,1055.07,6.18205%
0.95,549,4,1054.93,6.18125%
0.95,565,1,1047.28,6.13638%
0.95,578,12,1030.29,6.03687%
0.95,77,12,1016.19,5.95421%
0.95,90,2,1013.75,5.93994%
0.95,577,15,1006.26,5.89603%
0.95,578,14,994.609,5.82779%
0.95,303,13,981.745,5.75241%
0.95,586,6,972.823,5.70013%
0.95,286,7,970.634,5.68731%
0.95,377,14,960.58,5.6284%
0.95,415,10,957.169,5.60841%
0.95,586,11,949.021,5.56067%
0.95,286,11,944.625,5.53492%
0.95,569,12,928.049,5.43779%
0.95,600,1,925.79,5.42455%
0.95,552,10,922.951,5.40791%
0.95,156,11,911.51,5.34088%
0.95,595,13,903.202,5.2922%
0.95,552,8,902.28,5.2868%
0.95,456,1,885.58,5.18895%
0.95,507,9,874.959,5.12671%
0.95,588,4,872.387,5.11164%
0.95,304,1,871.477,5.10631%
0.95,30,10,870.901,5.10294%
0.95,530,1,863.708,5.06079%
0.95,597,2,847.708,4.96704%
0.95,585,4,845.119,4.95187%
0.95,585,12,838.593,4.91363%
0.95,446,9,837.716,4.90849%
0.95,446,12,823.901,4.82755%
0.95,150,10,823.782,4.82685%
0.95,579,1,821.802,4.81525%
0.95,371,6,821.765,4.81503%
0.95,453,5,819.852,4.80382%
0.95,569,2,812.844,4.76276%
0.95,560,3,812.14,4.75863%
0.95,507,10,811.844,4.7569%
0.95,576,4,803.354,4.70715%
0.95,252,1,802.877,4.70435%
0.95,377,12,801.502,4.6963%
0.95,309,4,788.881,4.62235%
0.95,526,10,783.321,4.58977%
0.95,454,9,773.346,4.53132%
0.95,577,13,764.292,4.47827%
0.95,499,14,758.329,4.44334%
0.95,135,8,746.424,4.37358%
0.95,538,4,741.658,4.34565%
0.95,499,12,741.432,4.34433%
0.95,583,3,740.971,4.34163%
0.95,456,3,737.918,4.32374%
0.95,321,2,736.103,4.3131%
0.95,10,4,730.951,4.28291%
0.95,251,7,730.914,4.2827%
0.95,508,8,718.737,4.21135%
0.95,455,11,714.716,4.18779%
0.95,591,3,714.284,4.18526%
0.95,453,9,713.926,4.18316%
0.95,552,11,706.453,4.13937%
0.95,556,6,704.375,4.12719%
0.95,585,13,703.004,4.11916%
0.95,522,6,702.712,4.11745%
0.95,567,14,701.424,4.10991%
0.95,549,13,700.477,4.10436%
0.95,499,11,698.679,4.09382%
0.95,350,3,691.173,4.04984%
0.95,214,1,690.222,4.04427%
0.95,8,9,683.173,4.00297%
0.95,144,13,683.074,4.00239%
0.95,81,7,682.658,3.99995%
0.95,130,1,681.65,3.99404%
0.95,526,11,680.774,3.98891%
0.95,83,9,680.42,3.98683%
0.95,375,11,679.881,3.98368%
0.95,556,12,679.198,3.97967%
0.95,552,7,677.025,3.96694%
0.95,580,11,675.786,3.95968%
0.95,507,4,674.827,3.95407%
0.95,585,8,673.189,3.94447%
0.95,350,6,671.864,3.9367%
0.95,552,6,650.35,3.81064%
0.95,276,5,637.086,3.73293%
0.95,148,11,635.625,3.72437%
0.95,144,12,635.465,3.72343%
0.95,552,13,635.387,3.72297%
0.95,599,8,634.918,3.72022%
0.95,81,8,633.893,3.71422%
0.95,590,4,632.189,3.70423%
0.95,578,2,626.518,3.67101%
0.95,589,9,623.041,3.65063%
0.95,251,1,621.432,3.6412%
0.95,582,4,620.387,3.63508%
0.95,595,1,620.292,3.63452%
0.95,569,15,618.383,3.62334%
0.95,380,11,617.732,3.61953%
0.95,507,14,617.247,3.61668%
0.95,569,9,608.424,3.56498%
0.95,556,13,607.728,3.56091%
0.95,558,9,604.56,3.54234%
0.95,574,3,600.214,3.51688%
0.95,341,9,590.535,3.46017%
0.95,566,13,585.272,3.42933%
0.95,174,14,582.025,3.4103%
0.95,369,13,581.082,3.40478%
0.95,350,7,580.782,3.40302%
0.95,130,6,580.259,3.39996%
0.95,585,9,575.185,3.37023%
0.95,37,15,573.971,3.36311%
0.95,501,8,572.992,3.35737%
0.95,544,13,571.272,3.34729%
0.95,130,5,567.021,3.32239%
0.95,409,12,566.518,3.31944%
0.95,550,8,560.852,3.28624%
0.95,77,8,560.65,3.28506%
0.95,526,12,552.243,3.2358%
0.95,536,8,549.914,3.22215%
0.95,552,15,549.177,3.21783%
0.95,565,12,545.724,3.1976%
0.95,499,7,543.79,3.18627%
0.95,328,13,539.416,3.16064%
0.95,549,15,538.823,3.15717%
0.95,533,4,534.798,3.13358%
0.95,474,6,532.638,3.12092%
0.95,537,14,529.235,3.10098%
0.95,377,13,526.728,3.0863%
0.95,35,13,523.51,3.06744%
0.95,81,10,521.922,3.05814%
0.95,16,14,521.86,3.05777%
0.95,598,1,521.811,3.05748%
0.95,275,13,521.708,3.05688%
0.95,474,11,521.589,3.05618%
0.95,276,4,521.255,3.05423%
0.95,474,2,520.959,3.05249%
0.95,46,4,520.185,3.04796%
0.95,81,9,520.181,3.04794%
0.95,335,14,519.938,3.04651%
0.95,81,11,518.971,3.04085%
0.95,450,15,518.708,3.0393%
0.95,407,6,518.21,3.03639%
0.95,103,15,517.996,3.03513%
0.95,69,9,517.547,3.0325%
0.95,34,15,506.313,2.96668%
0.95,579,2,498.284,2.91963%
0.95,508,5,496.72,2.91047%
0.95,537,13,496.679,2.91023%
0.95,358,15,495.819,2.90519%
0.95,436,6,495.177,2.90143%
0.95,171,9,494.885,2.89972%
0.95,331,14,493.572,2.89202%
0.95,82,14,493.033,2.88886%
0.95,341,11,493.021,2.88879%
0.95,577,14,491.782,2.88153%
0.95,435,3,488.42,2.86183%
0.95,556,14,487.247,2.85496%
0.95,565,11,480.477,2.8153%
0.95,30,12,479.099,2.80722%
0.95,559,12,478.313,2.80261%
0.95,526,8,477.045,2.79519%
0.95,597,1,475.638,2.78694%
0.95,453,6,474.551,2.78058%
0.95,239,2,474.144,2.77819%
0.95,576,13,472.72,2.76984%
0.95,69,10,471.745,2.76413%
0.95,108,9,471.584,2.76319%
0.95,14,12,471.527,2.76285%
0.95,17,7,471.432,2.7623%
0.95,416,5,471.185,2.76085%
0.95,578,4,471.119,2.76046%
0.95,484,14,470.679,2.75788%
0.95,159,7,470.663,2.75779%
0.95,194,1,469.671,2.75198%
0.95,69,13,469.617,2.75166%
0.95,540,13,468.848,2.74715%
0.95,29,1,468.663,2.74607%
0.95,358,12,468.062,2.74255%
0.95,380,12,467.099,2.73691%
0.95,489,9,463.235,2.71427%
0.95,494,11,451.65,2.64639%
0.95,161,15,450.7,2.64082%
0.95,536,1,447.704,2.62326%
0.95,192,14,446.802,2.61798%
0.95,533,3,443.802,2.60041%
0.95,74,13,443.63,2.59939%
0.95,453,4,440.49,2.58099%
0.95,533,6,438.774,2.57094%
0.95,555,12,438.004,2.56643%
0.95,381,3,437.695,2.56462%
0.95,535,5,436.626,2.55835%
0.95,562,6,434.967,2.54864%
0.95,330,3,433.3,2.53887%
0.95,108,8,432.642,2.53501%
0.95,28,13,431.872,2.5305%
0.95,489,15,431.498,2.52831%
0.95,77,13,430.354,2.5216%
0.95,258,7,428.749,2.5122%
0.95,595,4,428.395,2.51013%
0.95,407,5,428.177,2.50885%
0.95,306,1,427.761,2.50641%
0.95,45,10,427.588,2.5054%
0.95,565,9,427.449,2.50458%
0.95,358,1,427.021,2.50207%
0.95,74,3,426.86,2.50113%
0.95,414,12,426.305,2.49788%
0.95,399,4,425.79,2.49486%
0.95,599,9,424.984,2.49014%
0.95,559,1,424.617,2.48799%
0.95,39,9,421.947,2.47234%
0.95,425,12,421.56,2.47008%
0.95,466,8,421.44,2.46938%
0.95,109,9,420.481,2.46376%
0.95,151,14,420.477,2.46373%
0.95,158,7,420.457,2.46361%
0.95,180,7,420.091,2.46147%
0.95,278,1,419.556,2.45833%
0.95,577,10,419.333,2.45703%
0.95,252,6,419.284,2.45674%
0.95,118,7,419.255,2.45657%
0.95,190,12,419.235,2.45645%
0.95,480,4,419.136,2.45587%
0.95,134,4,419.016,2.45517%
0.95,567,12,418.325,2.45112%
0.95,552,9,417.918,2.44874%
0.95,257,8,417.49,2.44623%
0.95,280,9,417.403,2.44572%
0.95,81,13,415.519,2.43468%
0.95,574,14,415.272,2.43323%
0.95,77,11,413.086,2.42043%
0.95,583,15,412.35,2.41611%
0.95,572,7,410.407,2.40473%
0.95,87,14,407.975,2.39048%
0.95,568,1,407.893,2.39%
0.95,446,13,403.835,2.36622%
0.95,529,14,396.926,2.32574%
0.95,327,10,395.432,2.31698%
0.95,358,9,394.387,2.31086%
0.95,600,13,393.947,2.30828%
0.95,434,10,390.893,2.29039%
0.95,117,4,390.362,2.28728%
0.95,531,12,385.967,2.26153%
0.95,35,11,385.58,2.25926%
0.95,519,4,383.498,2.24706%
0.95,567,1,381.708,2.23657%
0.95,422,12,381.63,2.23611%
0.95,350,12,379.844,2.22565%
0.95,502,4,378.045,2.21511%
0.95,394,9,378.029,2.21501%
0.95,40,10,376.86,2.20816%
0.95,436,11,376.243,2.20455%
0.95,529,4,376.173,2.20414%
0.95,501,9,371.811,2.17858%
0.95,446,8,371.206,2.17503%
0.95,171,2,369.086,2.16262%
0.95,92,4,364.391,2.1351%
0.95,550,5,362.868,2.12618%
0.95,526,15,360.584,2.1128%
0.95,468,9,360.424,2.11186%
0.95,27,3,359.16,2.10446%
0.95,556,10,353.198,2.06952%
0.95,567,5,350.156,2.0517%
0.95,569,7,349.671,2.04885%
0.95,427,14,349.28,2.04656%
0.95,345,12,348.313,2.04089%
0.95,567,13,347.317,2.03506%
0.95,460,7,346.774,2.03188%
0.95,145,13,343.494,2.01266%
0.95,457,11,340.342,1.99419%
0.95,152,7,338.914,1.98582%
0.95,136,15,335.074,1.96332%
0.95,129,15,333.905,1.95648%
0.95,548,14,333.749,1.95556%
0.95,31,1,332.798,1.94999%
0.95,249,5,326.346,1.91218%
0.95,591,14,325.86,1.90934%
0.95,456,6,325.712,1.90847%
0.95,519,1,324.609,1.90201%
0.95,576,6,323.576,1.89595%
0.95,503,1,315.654,1.84954%
0.95,583,13,314.337,1.84182%
0.95,94,1,311.934,1.82774%
0.95,486,10,309.202,1.81173%
0.95,400,13,308.449,1.80732%
0.95,207,1,308.313,1.80652%
0.95,372,3,307.802,1.80353%
0.95,9,3,307.654,1.80266%
0.95,446,5,306.16,1.79391%
0.95,304,3,303.498,1.77831%
0.95,543,6,302.683,1.77353%
0.95,454,7,298.765,1.75058%
0.95,592,12,294.391,1.72495%
0.95,412,13,288.49,1.69037%
0.95,268,5,287.395,1.68396%
0.95,501,7,285.765,1.67441%
0.95,193,5,285.716,1.67412%
0.95,109,7,284.477,1.66686%
0.95,472,11,284.095,1.66462%
0.95,210,15,284.066,1.66445%
0.95,474,4,284.037,1.66428%
0.95,51,13,283.889,1.66341%
0.95,122,7,283.848,1.66317%
0.95,161,13,283.667,1.66211%
0.95,399,6,283.584,1.66163%
0.95,56,10,283.457,1.66088%
0.95,472,13,283.333,1.66016%
0.95,28,3,283.206,1.65941%
0.95,160,11,283.14,1.65902%
0.95,101,14,282.992,1.65815%
0.95,532,2,282.897,1.6576%
0.95,26,5,282.807,1.65707%
0.95,341,12,282.473,1.65512%
0.95,76,2,282.461,1.65504%
0.95,69,3,282.346,1.65437%
0.95,190,11,282.177,1.65338%
0.95,69,11,282.115,1.65302%
0.95,583,1,280.239,1.64202%
0.95,358,11,278.523,1.63197%
0.95,499,3,277.461,1.62575%
0.95,454,1,276.481,1.62001%
0.95,453,12,275.527,1.61441%
0.95,118,4,274.728,1.60974%
0.95,499,6,272.095,1.5943%
0.95,472,6,271.103,1.58849%
0.95,325,3,271.091,1.58842%
0.95,274,13,271.029,1.58806%
0.95,205,12,271.008,1.58794%
0.95,406,7,270.535,1.58517%
0.95,331,3,270.514,1.58505%
0.95,234,8,270.239,1.58343%
0.95,21,9,270.095,1.58259%
0.95,399,3,269.597,1.57967%
0.95,398,13,268.214,1.57157%
0.95,550,10,266.617,1.56221%
0.95,146,14,265.556,1.55599%
0.95,288,12,264.823,1.5517%
0.95,48,14,264.214,1.54813%
0.95,519,7,264.177,1.54791%
0.95,529,1,263.885,1.5462%
0.95,162,11,261.403,1.53166%
0.95,256,1,261.272,1.53089%
0.95,28,11,261.239,1.5307%
0.95,9,2,260.831,1.52831%
0.95,54,4,260.745,1.5278%
0.95,382,6,260.687,1.52746%
0.95,406,13,260.621,1.52708%
0.95,280,7,260.609,1.52701%
0.95,280,11,260.568,1.52677%
0.95,119,9,260.424,1.52592%
0.95,46,7,260.42,1.5259%
0.95,216,8,260.387,1.5257%
0.95,232,2,260.337,1.52541%
0.95,474,9,260.243,1.52486%
0.95,557,12,260.173,1.52445%
0.95,47,13,260.16,1.52438%
0.95,459,3,260.128,1.52419%
0.95,198,2,260.115,1.52411%
0.95,399,5,260.095,1.52399%
0.95,488,6,260.091,1.52397%
0.95,82,13,260.045,1.5237%
0.95,268,9,260.029,1.52361%
0.95,147,6,259.963,1.52322%
0.95,40,12,259.951,1.52315%
0.95,390,5,259.934,1.52305%
0.95,193,8,259.909,1.52291%
0.95,445,11,259.877,1.52271%
0.95,215,8,259.798,1.52226%
0.95,207,10,259.77,1.52209%
0.95,81,4,259.716,1.52177%
0.95,489,14,259.691,1.52163%
0.95,361,14,259.675,1.52153%
0.95,394,3,259.65,1.52139%
0.95,34,2,259.646,1.52136%
0.95,406,8,259.576,1.52095%
0.95,69,8,259.572,1.52093%
0.95,202,11,259.502,1.52052%
0.95,250,7,259.477,1.52038%
0.95,46,5,259.428,1.52009%
0.95,484,15,259.412,1.51999%
0.95,441,3,259.387,1.51984%
0.95,398,2,259.226,1.5189%
0.95,227,13,259.189,1.51869%
0.95,207,12,259.169,1.51857%
0.95,406,6,259.107,1.51821%
0.95,93,14,259.049,1.51787%
0.95,98,11,258.996,1.51755%
0.95,142,8,258.988,1.51751%
0.95,191,4,258.86,1.51676%
0.95,160,13,258.765,1.5162%
0.95,464,13,258.728,1.51599%
0.95,182,6,258.626,1.51538%
0.95,82,1,258.588,1.51517%
0.95,431,3,258.531,1.51483%
0.95,81,14,258.519,1.51476%
0.95,258,8,258.51,1.51471%
0.95,231,4,258.354,1.51379%
0.95,82,8,258.337,1.5137%
0.95,71,14,258.276,1.51333%
0.95,28,9,258.074,1.51215%
0.95,258,5,257.992,1.51167%
0.95,56,11,257.794,1.51051%
0.95,458,9,257.77,1.51037%
0.95,256,8,257.708,1.51001%
0.95,444,6,257.465,1.50858%
0.95,474,10,257.412,1.50827%
0.95,83,14,257.214,1.50711%
0.95,98,3,256.885,1.50518%
0.95,402,13,256.745,1.50436%
0.95,93,12,256.539,1.50316%
0.95,161,6,256.494,1.50289%
0.95,330,11,256.016,1.5001%
0.95,195,10,255.922,1.49954%
0.95,69,15,252.313,1.4784%
0.95,159,10,249.432,1.46152%
0.95,252,7,248.403,1.45549%
0.95,341,10,247.074,1.4477%
0.95,39,4,245.263,1.43709%
0.95,550,1,243.823,1.42865%
0.95,452,5,243.597,1.42732%
0.95,575,1,240.119,1.40695%
0.95,508,4,238.173,1.39554%
0.95,239,6,236.239,1.38421%
0.95,275,5,236.029,1.38298%
0.95,246,13,235.745,1.38132%
0.95,555,10,234.835,1.37599%
0.95,188,3,234.737,1.37541%
0.95,207,4,234.675,1.37505%
0.95,192,15,234.667,1.375%
0.95,146,15,234.584,1.37452%
0.95,466,13,234.374,1.37329%
0.95,106,5,234.165,1.37206%
0.95,161,9,234.049,1.37138%
0.95,261,6,233.827,1.37008%
0.95,110,5,233.72,1.36945%
0.95,29,14,233.658,1.36909%
0.95,160,14,233.621,1.36888%
0.95,399,12,233.379,1.36745%
0.95,67,15,233.374,1.36743%
0.95,178,11,233.362,1.36736%
0.95,195,12,232.881,1.36454%
0.95,69,2,232.786,1.36398%
0.95,496,15,232.514,1.36239%
0.95,51,6,232.3,1.36114%
0.95,167,8,231.683,1.35752%
0.95,224,9,231.556,1.35677%
0.95,327,9,230.84,1.35258%
0.95,77,7,230.045,1.34792%
0.95,507,13,228.313,1.33777%
0.95,561,11,227.65,1.33389%
0.95,277,14,226.502,1.32716%
0.95,341,1,226.099,1.3248%
0.95,445,8,226.066,1.3246%
0.95,229,7,225.823,1.32318%
0.95,232,11,224.963,1.31814%
0.95,1,4,224.704,1.31662%
0.95,405,13,223.984,1.3124%
0.95,446,11,222.337,1.30276%
0.95,170,14,221.432,1.29745%
0.95,436,4,221.008,1.29497%
0.95,268,15,219.802,1.28791%
0.95,585,10,218.337,1.27932%
0.95,252,8,216.819,1.27042%
0.95,466,11,215.412,1.26218%
0.95,192,3,214.975,1.25962%
0.95,201,12,214.926,1.25933%
0.95,19,12,214.424,1.25639%
0.95,422,13,213.971,1.25374%
0.95,458,8,213.733,1.25234%
0.95,367,8,213.613,1.25164%
0.95,170,11,212.852,1.24718%
0.95,529,13,212.239,1.24359%
0.95,555,1,211.811,1.24108%
0.95,276,14,211.737,1.24064%
0.95,121,10,211.564,1.23963%
0.95,358,8,211.436,1.23888%
0.95,8,3,211.329,1.23826%
0.95,557,10,211.247,1.23777%
0.95,12,15,211.214,1.23758%
0.95,247,4,211.128,1.23708%
0.95,245,6,211.045,1.23659%
0.95,276,2,210.996,1.2363%
0.95,587,3,210.979,1.23621%
0.95,93,4,210.938,1.23597%
0.95,109,11,210.926,1.23589%
0.95,336,4,210.798,1.23515%
0.95,5,13,210.728,1.23474%
0.95,85,13,210.658,1.23433%
0.95,104,14,210.572,1.23382%
0.95,79,1,210.568,1.2338%
0.95,510,12,210.564,1.23377%
0.95,479,5,210.535,1.2336%
0.95,186,2,210.469,1.23322%
0.95,231,6,210.457,1.23315%
0.95,317,13,210.366,1.23261%
0.95,236,8,210.292,1.23218%
0.95,268,11,210.259,1.23199%
0.95,459,2,210.21,1.2317%
0.95,341,13,210.173,1.23148%
0.95,465,11,210.058,1.23081%
0.95,180,5,210.045,1.23073%
0.95,283,7,210.021,1.23059%
0.95,474,13,210.008,1.23052%
0.95,167,6,210.004,1.23049%
0.95,160,1,209.984,1.23037%
0.95,267,14,209.971,1.2303%
0.95,489,8,209.967,1.23028%
0.95,389,3,209.963,1.23025%
0.95,188,9,209.864,1.22967%
0.95,527,12,209.848,1.22958%
0.95,69,14,209.844,1.22955%
0.95,49,5,209.716,1.2288%
0.95,16,13,209.7,1.22871%
0.95,105,1,209.63,1.2283%
0.95,148,1,209.626,1.22827%
0.95,149,13,209.588,1.22806%
0.95,111,10,209.498,1.22753%
0.95,79,4,209.49,1.22748%
0.95,353,15,209.481,1.22743%
0.95,202,7,209.444,1.22721%
0.95,48,12,209.366,1.22676%
0.95,529,10,209.288,1.2263%
0.95,165,4,209.214,1.22586%
0.95,95,3,209.111,1.22526%
0.95,232,3,209.107,1.22524%
0.95,382,12,209.091,1.22514%
0.95,407,7,209.066,1.225%
0.95,207,2,209.049,1.2249%
0.95,544,6,209.045,1.22487%
0.95,67,1,209.008,1.22466%
0.95,256,4,208.901,1.22403%
0.95,210,5,208.868,1.22384%
0.95,122,6,208.835,1.22364%
0.95,229,3,208.831,1.22362%
0.95,31,4,208.823,1.22357%
0.95,232,10,208.7,1.22285%
0.95,501,3,208.691,1.2228%
0.95,108,12,208.679,1.22273%
0.95,182,15,208.658,1.22261%
0.95,470,2,208.642,1.22251%
0.95,182,12,208.613,1.22234%
0.95,399,11,208.593,1.22222%
0.95,258,10,208.584,1.22217%
0.95,395,6,208.531,1.22186%
0.95,93,5,208.481,1.22157%
0.95,28,4,208.473,1.22152%
0.95,190,7,208.226,1.22008%
0.95,255,2,207.979,1.21863%
0.95,361,12,207.827,1.21774%
0.95,366,14,207.757,1.21733%
0.95,145,4,207.704,1.21701%
0.95,57,5,207.679,1.21687%
0.95,320,12,207.432,1.21542%
0.95,21,10,207.305,1.21467%
0.95,29,3,207.263,1.21443%
0.95,159,14,206.012,1.2071%
0.95,588,3,205.642,1.20493%
0.95,604,11,204.165,1.19628%
0.95,1,2,203.728,1.19372%
0.95,16,15,202.004,1.18362%
0.95,519,9,201.79,1.18236%
0.95,318,10,200.975,1.17759%
0.95,145,3,200.914,1.17723%
0.95,561,7,200.881,1.17704%
0.95,129,6,200.79,1.1765%
0.95,311,2,200.58,1.17527%
0.95,10,8,200.514,1.17489%
0.95,195,13,200.412,1.17429%
0.95,102,10,200.407,1.17426%
0.95,244,6,200.333,1.17383%
0.95,446,7,200.086,1.17238%
0.95,5,14,200.07,1.17228%
0.95,156,14,200,1.17188%
0.95,393,6,199.593,1.16949%
0.95,518,7,199.453,1.16867%
0.95,147,10,199.432,1.16855%
0.95,452,9,199.37,1.16819%
0.95,429,4,199.3,1.16778%
0.95,166,11,199.128,1.16676%
0.95,200,2,199.103,1.16662%
0.95,295,10,198.72,1.16438%
0.95,4,1,198.424,1.16264%
0.95,182,10,198.222,1.16146%
0.95,276,12,198.037,1.16037%
0.95,45,2,197.148,1.15516%
0.95,168,8,196.728,1.15271%
0.95,528,2,196.198,1.14959%
0.95,316,5,192.728,1.12927%
0.95,122,5,192.333,1.12695%
0.95,109,2,191.811,1.12389%
0.95,422,14,191.444,1.12174%
0.95,338,12,191.432,1.12167%
0.95,191,7,191.185,1.12023%
0.95,398,8,191.008,1.11919%
0.95,227,4,190.687,1.11731%
0.95,4,15,190.671,1.11721%
0.95,5,6,190.617,1.1169%
0.95,473,3,190.547,1.11649%
0.95,480,7,190.412,1.11569%
0.95,205,6,190.263,1.11482%
0.95,17,8,190.14,1.1141%
0.95,330,9,190.136,1.11408%
0.95,153,2,190.119,1.11398%
0.95,61,5,189.807,1.11215%
0.95,205,1,189.593,1.11089%
0.95,142,4,189.473,1.11019%
0.95,51,11,189.436,1.10998%
0.95,482,13,188.893,1.10679%
0.95,191,8,188.486,1.10441%
0.95,499,10,188.288,1.10325%
0.95,76,14,188.263,1.10311%
0.95,506,4,187.831,1.10057%
0.95,485,10,187.593,1.09918%
0.95,187,8,187.173,1.09672%
0.95,187,14,187.103,1.09631%
0.95,35,5,187.016,1.0958%
0.95,407,14,186.979,1.09558%
0.95,112,12,186.971,1.09553%
0.95,74,14,186.831,1.09471%
0.95,334,3,186.757,1.09428%
0.95,192,4,186.63,1.09353%
0.95,137,10,186.424,1.09233%
0.95,45,14,186.346,1.09187%
0.95,176,2,186.16,1.09078%
0.95,258,11,186.144,1.09069%
0.95,148,2,186.115,1.09052%
0.95,190,10,185.959,1.0896%
0.95,69,4,185.811,1.08873%
0.95,191,2,185.667,1.08789%
0.95,205,5,185.535,1.08712%
0.95,205,3,183.128,1.07301%
0.95,88,15,182.119,1.06711%
0.95,328,6,181.852,1.06554%
0.95,193,7,181.798,1.06522%
0.95,161,11,181.284,1.06221%
0.95,46,8,181.004,1.06057%
0.95,344,15,180.984,1.06045%
0.95,255,10,180.844,1.05963%
0.95,397,14,180.033,1.05488%
0.95,343,7,179.749,1.05322%
0.95,557,8,179.724,1.05307%
0.95,509,11,179.004,1.04885%
0.95,331,12,177.255,1.0386%
0.95,181,8,176.918,1.03663%
0.95,89,14,176.584,1.03467%
0.95,264,13,175.638,1.02913%
0.95,255,9,175.243,1.02681%
0.95,390,13,174.844,1.02447%
0.95,212,5,174.7,1.02363%
0.95,579,12,173.765,1.01816%
0.95,457,10,173.086,1.01418%
0.95,181,10,169.745,0.994599%
0.95,457,12,168.543,0.987558%
0.95,93,13,168.535,0.98751%
0.95,548,6,168.337,0.986352%
0.95,390,8,168.091,0.984905%
0.95,498,7,168.012,0.984447%
0.95,362,5,167.988,0.984303%
0.95,471,15,167.802,0.983218%
0.95,31,6,167.798,0.983194%
0.95,444,13,167.77,0.983025%
0.95,197,4,167.621,0.982157%
0.95,136,14,167.498,0.981433%
0.95,134,10,167.407,0.980903%
0.95,419,7,167.337,0.980493%
0.95,236,10,167.222,0.979818%
0.95,437,2,167.14,0.979335%
0.95,485,14,167.103,0.979118%
0.95,204,12,167.058,0.978853%
0.95,465,10,166.996,0.978492%
0.95,164,14,166.889,0.977865%
0.95,534,6,166.864,0.97772%
0.95,136,3,166.807,0.977382%
0.95,116,8,166.605,0.976201%
0.95,160,3,166.593,0.976129%
0.95,46,11,166.502,0.975598%
0.95,312,12,166.498,0.975574%
0.95,74,12,166.494,0.97555%
0.95,469,2,166.346,0.974682%
0.95,498,6,166.214,0.97391%
0.95,468,3,166.21,0.973886%
0.95,180,13,166.128,0.973404%
0.95,498,13,166.107,0.973283%
0.95,466,14,166.082,0.973139%
0.95,60,5,166,0.972656%
0.95,279,9,165.951,0.972367%
0.95,309,1,165.897,0.972053%
0.95,534,2,165.86,0.971836%
0.95,266,12,165.823,0.971619%
0.95,498,5,165.757,0.971234%
0.95,48,4,165.728,0.971065%
0.95,120,5,165.683,0.9708%
0.95,182,4,165.658,0.970655%
0.95,339,15,165.58,0.970197%
0.95,475,8,165.551,0.970028%
0.95,31,2,165.395,0.969112%
0.95,471,12,165.342,0.968798%
0.95,548,12,165.284,0.968461%
0.95,211,8,165.235,0.968171%
0.95,255,6,165.23,0.968147%
0.95,166,5,165.099,0.967376%
0.95,255,13,165.012,0.966869%
0.95,559,8,164.93,0.966387%
0.95,204,3,164.897,0.966194%
0.95,41,12,164.835,0.965832%
0.95,401,10,164.761,0.965398%
0.95,600,2,164.65,0.964747%
0.95,191,3,164.638,0.964675%
0.95,260,10,164.502,0.963879%
0.95,144,14,164.276,0.962553%
0.95,184,11,164.152,0.96183%
0.95,245,11,164.14,0.961757%
0.95,216,3,164.107,0.961564%
0.95,559,11,163.823,0.959901%
0.95,15,4,163.79,0.959708%
0.95,278,12,163.757,0.959515%
0.95,399,7,163.584,0.958502%
0.95,31,15,163.56,0.958357%
0.95,181,9,163.407,0.957465%
0.95,248,4,163.346,0.957104%
0.95,166,14,163.325,0.956983%
0.95,32,5,163.3,0.956838%
0.95,281,7,163.177,0.956115%
0.95,348,4,163.156,0.955994%
0.95,32,4,163.115,0.955753%
0.95,71,5,162.811,0.953969%
0.95,148,3,162.807,0.953945%
0.95,84,9,162.802,0.953921%
0.95,267,12,162.749,0.953607%
0.95,393,13,162.708,0.953366%
0.95,267,3,162.704,0.953342%
0.95,65,13,162.65,0.953029%
0.95,248,7,162.638,0.952956%
0.95,465,15,162.531,0.952329%
0.95,125,4,162.305,0.951003%
0.95,137,11,162.025,0.949363%
0.95,141,8,161.737,0.947676%
0.95,19,5,161.449,0.945988%
0.95,475,10,161.243,0.944782%
0.95,35,4,161.152,0.944252%
0.95,548,13,161.062,0.943721%
0.95,271,1,160.691,0.941551%
0.95,137,8,160.646,0.941286%
0.95,210,11,160.469,0.940249%
0.95,137,14,159.337,0.933618%
0.95,446,14,158.605,0.929326%
0.95,470,13,157.658,0.92378%
0.95,579,13,157.613,0.923515%
0.95,184,6,157.173,0.920935%
0.95,400,15,157.053,0.920235%
0.95,544,4,156.901,0.919343%
0.95,146,7,156.691,0.918113%
0.95,384,14,154.099,0.902922%
0.95,344,3,153.708,0.900632%
0.95,453,14,151.416,0.887201%
0.95,508,7,150.938,0.884404%
0.95,30,5,149.119,0.873746%
0.95,279,13,147.675,0.865283%
0.95,198,5,147.202,0.86251%
0.95,5,11,146.617,0.859086%
0.95,604,13,146.564,0.858772%
0.95,548,7,145.914,0.854962%
0.95,348,6,144.267,0.845317%
0.95,97,13,143.728,0.842159%
0.95,348,9,143.21,0.83912%
0.95,487,8,141.21,0.827402%
0.95,91,9,133.893,0.784529%
0.95,163,13,133.716,0.783492%
0.95,100,12,133.584,0.782721%
0.95,15,5,133.58,0.782697%
0.95,170,5,133.239,0.780695%
0.95,172,10,133.181,0.780358%
0.95,475,15,132.712,0.777609%
0.95,230,15,132.481,0.776259%
0.95,97,14,132.337,0.775415%
0.95,41,1,132.16,0.774378%
0.95,311,15,132.053,0.773751%
0.95,183,15,132.012,0.77351%
0.95,567,2,131.704,0.771701%
0.95,115,5,131.128,0.768326%
0.95,601,14,130.922,0.76712%
0.95,467,9,130.765,0.766204%
0.95,256,9,130.724,0.765963%
0.95,173,6,130.671,0.765649%
0.95,42,4,130.605,0.765263%
0.95,476,11,130.3,0.763479%
0.95,61,14,129.774,0.760393%
0.95,527,1,129.222,0.757161%
0.95,447,1,129.07,0.756269%
0.95,397,15,125.992,0.738233%
0.95,41,2,123.728,0.724971%
0.95,569,11,122.889,0.720052%
0.95,475,5,122.807,0.71957%
0.95,284,13,122.305,0.716628%
0.95,532,3,121.823,0.713807%
0.95,161,3,121.477,0.711781%
0.95,400,4,120.844,0.708068%
0.95,513,4,119.992,0.703077%
0.95,435,6,111.362,0.652513%
0.95,508,6,109.885,0.643856%
0.95,559,4,106.477,0.623891%
0.95,447,13,102.654,0.60149%
0.95,460,4,101.621,0.595438%
0.95,23,1,100.329,0.587866%
0.95,385,13,100.267,0.587505%
0.95,375,5,100.226,0.587264%
0.95,437,11,100.053,0.586251%
0.95,349,4,99.9136,0.585431%
0.95,445,14,99.9012,0.585359%
0.95,439,15,99.2593,0.581597%
0.95,327,5,98.9918,0.58003%
0.95,544,11,98.9136,0.579572%
0.95,282,7,98.8189,0.579017%
0.95,360,7,98.8148,0.578993%
0.95,288,15,98.8025,0.578921%
0.95,330,6,98.2551,0.575714%
0.95,167,14,98.1893,0.575328%
0.95,112,13,98.0329,0.574412%
0.95,18,11,97.9506,0.573929%
0.95,81,6,97.716,0.572555%
0.95,471,8,96.8889,0.567708%
0.95,136,6,96.7654,0.566985%
0.95,342,8,96.6584,0.566358%
0.95,560,6,96.4321,0.565032%
0.95,222,10,93.6091,0.548491%
0.95,526,14,93.2798,0.546562%
0.95,183,12,90.0288,0.527513%
0.95,470,4,88.9177,0.521002%
0.95,262,13,88.4527,0.518277%
0.95,46,14,88.1564,0.516541%
0.95,329,14,87.4362,0.512322%
0.95,90,13,87.177,0.510802%
0.95,118,6,86.8313,0.508777%
0.95,581,3,85.6872,0.502074%
0.95,189,1,84.4938,0.495081%
0.95,382,15,84.0782,0.492646%
0.95,583,10,80.3498,0.4708%
0.95,519,3,76.9424,0.450834%
0.95,528,13,73.2346,0.429109%
0.95,334,2,72.4609,0.424576%
0.95,488,2,72.2551,0.42337%
0.95,300,5,72.1276,0.422623%
0.95,57,4,71.856,0.421031%
0.95,325,5,71.8272,0.420862%
0.95,194,7,71.07,0.416426%
0.95,52,2,70.9383,0.415654%
0.95,147,4,70.2798,0.411796%
0.95,435,12,70.1152,0.410831%
0.95,232,12,69.4609,0.406998%
0.95,94,10,69.1029,0.4049%
0.95,529,6,68.9095,0.403766%
0.95,526,3,67.7737,0.397111%
0.95,268,6,67.6749,0.396533%
0.95,207,15,67.4115,0.394989%
0.95,550,2,67.1811,0.393639%
0.95,40,7,66.7449,0.391083%
0.95,320,7,66.4156,0.389154%
0.95,40,13,64.9547,0.380594%
0.95,562,4,64.4774,0.377797%
0.95,578,5,63.6914,0.373192%
0.95,472,14,62.4733,0.366054%
0.95,550,11,62.0947,0.363836%
0.95,298,15,61.7778,0.361979%
0.95,179,14,59.3621,0.347825%
0.95,153,13,59.1852,0.346788%
0.95,426,7,58.9506,0.345414%
0.95,199,14,58.9218,0.345245%
0.95,468,12,58.2675,0.341411%
0.95,521,6,57.4444,0.336589%
0.95,549,7,56.6708,0.332055%
0.95,117,15,54.6872,0.320433%
0.95,597,6,51.749,0.303217%
0.95,270,7,49.7366,0.291426%
0.95,549,10,49.7243,0.291353%
0.95,520,15,49.5844,0.290533%
0.95,141,12,49.4733,0.289882%
0.95,288,8,49.0206,0.28723%
0.95,338,6,49,0.287109%
0.95,137,6,48.9588,0.286868%
0.95,166,12,48.9136,0.286603%
0.95,20,10,48.8889,0.286458%
0.95,404,8,48.8354,0.286145%
0.95,15,8,48.8066,0.285976%
0.95,68,1,48.535,0.284385%
0.95,422,10,48.5062,0.284216%
0.95,571,15,48.3251,0.283155%
0.95,376,3,48.2551,0.282745%
0.95,110,11,48.2428,0.282673%
0.95,147,3,48.2387,0.282649%
0.95,270,11,48.2181,0.282528%
0.95,57,8,48.1934,0.282383%
0.95,170,4,48.1687,0.282239%
0.95,102,7,48.1358,0.282046%
0.95,546,10,48.1276,0.281998%
0.95,388,14,48.1193,0.281949%
0.95,73,7,48.1111,0.281901%
0.95,115,12,48.0988,0.281829%
0.95,2,4,48.0864,0.281756%
0.95,28,6,48.0823,0.281732%
0.95,223,14,48.0741,0.281684%
0.95,352,11,48.0658,0.281636%
0.95,497,12,48.037,0.281467%
0.95,561,9,48.0206,0.281371%
0.95,205,4,48.0165,0.281346%
0.95,349,9,48.0123,0.281322%
0.95,428,11,48.0082,0.281298%
0.95,422,11,48,0.28125%
0.95,414,8,47.9918,0.281202%
0.95,69,1,47.9877,0.281178%
0.95,345,14,47.963,0.281033%
0.95,387,2,47.9547,0.280985%
0.95,477,8,47.9506,0.280961%
0.95,123,8,47.9177,0.280768%
0.95,365,12,47.9136,0.280744%
0.95,441,6,47.9012,0.280671%
0.95,14,6,47.893,0.280623%
0.95,469,3,47.8807,0.280551%
0.95,162,8,47.8683,0.280478%
0.95,411,15,47.8601,0.28043%
0.95,178,12,47.856,0.280406%
0.95,147,2,47.8395,0.28031%
0.95,120,6,47.8272,0.280237%
0.95,368,10,47.786,0.279996%
0.95,182,2,47.7654,0.279876%
0.95,160,4,47.7531,0.279803%
0.95,126,14,47.749,0.279779%
0.95,399,15,47.7325,0.279683%
0.95,415,11,47.7284,0.279659%
0.95,514,12,47.6996,0.27949%
0.95,264,6,47.6543,0.279225%
0.95,503,13,47.6502,0.2792%
0.95,262,4,47.5926,0.278863%
0.95,548,2,47.5802,0.278791%
0.95,166,8,47.5432,0.278574%
0.95,267,1,47.5267,0.278477%
0.95,168,9,47.5226,0.278453%
0.95,357,3,47.4979,0.278308%
0.95,271,11,47.4527,0.278043%
0.95,270,1,47.4239,0.277874%
0.95,310,8,47.3827,0.277633%
0.95,108,11,47.358,0.277488%
0.95,256,5,47.3128,0.277223%
0.95,116,3,47.3045,0.277175%
0.95,397,10,47.2922,0.277103%
0.95,452,15,47.1893,0.2765%
0.95,339,4,47.1811,0.276452%
0.95,357,5,47.1399,0.27621%
0.95,358,2,47.1358,0.276186%
0.95,184,10,47.1029,0.275993%
0.95,93,7,47.0947,0.275945%
0.95,457,15,47.0782,0.275849%
0.95,485,12,46.9959,0.275367%
0.95,598,14,46.9918,0.275342%
0.95,385,14,46.9506,0.275101%
0.95,79,3,46.9218,0.274932%
0.95,493,11,46.9177,0.274908%
0.95,328,5,46.9136,0.274884%
0.95,278,15,46.9012,0.274812%
0.95,410,13,46.8889,0.27474%
0.95,52,3,46.8765,0.274667%
0.95,421,3,46.8436,0.274474%
0.95,310,10,46.8189,0.27433%
0.95,67,3,46.7613,0.273992%
0.95,485,13,46.7407,0.273872%
0.95,147,1,46.7202,0.273751%
0.95,148,9,46.716,0.273727%
0.95,255,8,46.6914,0.273582%
0.95,10,9,46.6091,0.2731%
0.95,185,2,46.5967,0.273028%
0.95,534,15,46.535,0.272666%
0.95,278,5,46.5062,0.272497%
0.95,547,2,46.4609,0.272232%
0.95,82,3,46.4527,0.272184%
0.95,382,10,46.4362,0.272087%
0.95,204,1,46.428,0.272039%
0.95,67,9,46.4239,0.272015%
0.95,555,7,46.3663,0.271677%
0.95,474,12,46.3539,0.271605%
0.95,468,7,46.3498,0.271581%
0.95,565,7,46.2634,0.271074%
0.95,450,5,46.2469,0.270978%
0.95,48,1,46.2387,0.27093%
0.95,326,3,46.1893,0.27064%
0.95,25,9,46.1399,0.270351%
0.95,397,9,46.107,0.270158%
0.95,168,15,46.0905,0.270062%
0.95,196,11,46.0864,0.270038%
0.95,299,13,46.0823,0.270014%
0.95,169,8,46.0123,0.269604%
0.95,479,14,45.9753,0.269387%
0.95,39,8,45.9671,0.269338%
0.95,335,6,45.9053,0.268977%
0.95,575,10,45.8642,0.268736%
0.95,270,6,45.8395,0.268591%
0.95,366,11,45.6584,0.26753%
0.95,193,11,45.642,0.267433%
0.95,492,6,45.6379,0.267409%
0.95,509,8,45.5473,0.266879%
0.95,265,7,45.4198,0.266131%
0.95,205,13,45.3868,0.265938%
0.95,112,4,45.3292,0.265601%
0.95,67,14,45.2263,0.264998%
0.95,199,8,45.1975,0.264829%
0.95,181,12,45.144,0.264516%
0.95,594,11,45.0782,0.26413%
0.95,229,9,45.0535,0.263985%
0.95,338,4,44.5556,0.261068%
0.95,440,15,44.4527,0.260465%
0.95,514,5,43.8066,0.256679%
0.95,233,14,43.6008,0.255474%
0.95,19,4,43.2593,0.253472%
0.95,251,9,41.3745,0.242429%
0.95,458,7,40.786,0.238981%
0.95,41,15,39.8807,0.233676%
0.95,439,4,37.3045,0.218581%
0.95,23,14,35.823,0.209901%
0.95,170,8,35.6173,0.208695%
0.95,219,11,35.5144,0.208092%
0.95,173,13,35.3086,0.206887%
0.95,224,5,35.2716,0.20667%
0.95,145,6,35.2634,0.206621%
0.95,175,14,35.2593,0.206597%
0.95,201,6,35.2428,0.206501%
0.95,272,11,35.2016,0.20626%
0.95,133,13,35.1481,0.205946%
0.95,270,10,35.107,0.205705%
0.95,224,7,35.0988,0.205657%
0.95,148,8,35.0782,0.205536%
0.95,398,4,35.0494,0.205367%
0.95,395,5,35.0453,0.205343%
0.95,452,3,35.037,0.205295%
0.95,450,12,35.0329,0.205271%
0.95,394,7,35.0082,0.205126%
0.95,474,14,35,0.205078%
0.95,100,11,34.9918,0.20503%
0.95,468,5,34.9877,0.205006%
0.95,491,6,34.9218,0.20462%
0.95,443,9,34.9053,0.204524%
0.95,392,1,34.9012,0.204499%
0.95,248,2,34.8724,0.204331%
0.95,338,2,34.8601,0.204258%
0.95,61,10,34.856,0.204234%
0.95,329,1,34.8313,0.20409%
0.95,12,10,34.8148,0.203993%
0.95,104,9,34.8107,0.203969%
0.95,7,9,34.7984,0.203897%
0.95,451,12,34.786,0.203824%
0.95,196,12,34.7572,0.203655%
0.95,66,3,34.7284,0.203487%
0.95,181,5,34.6996,0.203318%
0.95,488,1,34.6584,0.203077%
0.95,602,11,34.6091,0.202787%
0.95,138,6,34.5885,0.202667%
0.95,474,3,34.5679,0.202546%
0.95,196,15,34.5267,0.202305%
0.95,363,2,34.4856,0.202064%
0.95,26,3,34.4774,0.202016%
0.95,134,7,34.4321,0.201751%
0.95,76,12,34.4074,0.201606%
0.95,426,5,34.3868,0.201485%
0.95,75,8,34.3374,0.201196%
0.95,72,9,34.2881,0.200907%
0.95,225,4,34.2263,0.200545%
0.95,547,8,34.1152,0.199894%
0.95,191,13,34.0905,0.199749%
0.95,485,6,34.037,0.199436%
0.95,220,8,33.9794,0.199098%
0.95,165,15,33.8354,0.198254%
0.95,25,7,33.7737,0.197893%
0.95,502,14,33.7078,0.197507%
0.95,45,8,33.6831,0.197362%
0.95,52,12,33.6461,0.197145%
0.95,101,9,33.5597,0.196639%
0.95,361,5,33.535,0.196494%
0.95,59,13,33.5062,0.196325%
0.95,237,2,33.4115,0.195771%
0.95,13,4,33.3951,0.195674%
0.95,203,6,33.358,0.195457%
0.95,424,13,33.2798,0.194999%
0.95,603,5,33.2634,0.194903%
0.95,441,13,33.2551,0.194854%
0.95,395,4,33.2428,0.194782%
0.95,125,3,33.1235,0.194083%
0.95,88,5,33.0453,0.193625%
0.95,52,13,33.0412,0.1936%
0.95,251,2,32.9547,0.193094%
0.95,324,14,32.8272,0.192347%
0.95,326,2,32.7654,0.191985%
0.95,35,8,32.5844,0.190924%
0.95,498,8,32.4156,0.189935%
0.95,327,4,32.2551,0.188995%
0.95,491,2,32.2469,0.188947%
0.95,480,14,31.8354,0.186535%
0.95,12,12,31.428,0.184148%
0.95,188,11,30.4897,0.178651%
0.95,507,3,30.4856,0.178627%
0.95,490,15,29.321,0.171803%
0.95,34,10,28.5967,0.167559%
0.95,498,1,28.3621,0.166184%
0.95,493,10,28.1523,0.164955%
0.95,349,15,27.963,0.163845%
0.95,172,9,27.6502,0.162013%
0.95,16,11,26.8971,0.1576%
0.95,170,15,26.7819,0.156925%
0.95,431,14,26.749,0.156732%
0.95,329,3,26.5844,0.155768%
0.95,79,13,26.4774,0.155141%
0.95,259,6,26.4074,0.154731%
0.95,49,13,26.3621,0.154466%
0.95,180,6,26.3292,0.154273%
0.95,105,10,26.3045,0.154128%
0.95,228,13,26.177,0.153381%
0.95,236,15,26.1605,0.153284%
0.95,489,7,26.0905,0.152874%
0.95,509,1,26.0823,0.152826%
0.95,211,4,25.893,0.151717%
0.95,279,10,25.8066,0.15121%
0.95,216,2,25.6996,0.150584%
0.95,115,6,25.6584,0.150342%
0.95,52,1,25.6091,0.150053%
0.95,86,6,25.6008,0.150005%
0.95,557,7,25.5638,0.149788%
0.95,188,10,25.5597,0.149764%
0.95,279,3,25.4774,0.149281%
0.95,536,14,25.428,0.148992%
0.95,131,3,25.3868,0.148751%
0.95,551,15,25.3333,0.148438%
0.95,546,8,25.3045,0.148269%
0.95,376,13,25.3004,0.148245%
0.95,363,8,25.2798,0.148124%
0.95,72,13,25.251,0.147955%
0.95,388,3,25.2346,0.147859%
0.95,343,8,25.2099,0.147714%
0.95,496,5,25.2016,0.147666%
0.95,191,5,25.1852,0.147569%
0.95,509,10,25.1728,0.147497%
0.95,428,12,25.1152,0.14716%
0.95,366,13,25.0864,0.146991%
0.95,117,14,25.0494,0.146774%
0.95,551,10,25.0412,0.146726%
0.95,47,7,25.0288,0.146653%
0.95,165,1,25.0247,0.146629%
0.95,437,7,25,0.146484%
0.95,366,10,24.9877,0.146412%
0.95,164,5,24.9547,0.146219%
0.95,190,13,24.9506,0.146195%
0.95,547,3,24.9259,0.14605%
0.95,60,11,24.9218,0.146026%
0.95,416,7,24.9177,0.146002%
0.95,242,7,24.9095,0.145954%
0.95,388,9,24.9012,0.145906%
0.95,76,8,24.893,0.145857%
0.95,121,12,24.8683,0.145713%
0.95,171,10,24.8601,0.145665%
0.95,195,4,24.8477,0.145592%
0.95,296,3,24.8436,0.145568%
0.95,276,8,24.8354,0.14552%
0.95,51,3,24.7984,0.145303%
0.95,79,15,24.7819,0.145206%
0.95,197,2,24.7778,0.145182%
0.95,182,14,24.7613,0.145086%
0.95,516,11,24.749,0.145013%
0.95,366,9,24.7449,0.144989%
0.95,400,11,24.7366,0.144941%
0.95,49,15,24.7243,0.144869%
0.95,555,6,24.6996,0.144724%
0.95,506,3,24.6955,0.1447%
0.95,44,2,24.6872,0.144652%
0.95,341,8,24.6543,0.144459%
0.95,337,1,24.6502,0.144435%
0.95,35,14,24.6461,0.144411%
0.95,48,7,24.6132,0.144218%
0.95,506,14,24.6091,0.144194%
0.95,388,11,24.5761,0.144001%
0.95,108,1,24.5473,0.143832%
0.95,512,1,24.5432,0.143808%
0.95,405,14,24.535,0.14376%
0.95,78,7,24.5226,0.143687%
0.95,159,11,24.5144,0.143639%
0.95,395,9,24.5103,0.143615%
0.95,372,6,24.5062,0.143591%
0.95,370,2,24.5021,0.143567%
0.95,269,11,24.4938,0.143519%
0.95,179,10,24.4897,0.143494%
0.95,193,4,24.4815,0.143446%
0.95,122,3,24.4733,0.143398%
0.95,65,15,24.465,0.14335%
0.95,179,4,24.4486,0.143253%
0.95,421,12,24.4362,0.143181%
0.95,553,8,24.4321,0.143157%
0.95,244,10,24.428,0.143133%
0.95,111,5,24.4156,0.14306%
0.95,443,7,24.4115,0.143036%
0.95,318,8,24.3951,0.14294%
0.95,115,8,24.3909,0.142916%
0.95,416,4,24.3868,0.142892%
0.95,151,4,24.3827,0.142867%
0.95,257,13,24.3704,0.142795%
0.95,465,4,24.3663,0.142771%
0.95,506,8,24.358,0.142723%
0.95,223,13,24.3539,0.142699%
0.95,485,5,24.3498,0.142675%
0.95,448,13,24.3374,0.142602%
0.95,469,7,24.3333,0.142578%
0.95,97,5,24.3251,0.14253%
0.95,540,14,24.321,0.142506%
0.95,463,10,24.3128,0.142458%
0.95,248,13,24.3086,0.142433%
0.95,428,14,24.3045,0.142409%
0.95,98,2,24.2963,0.142361%
0.95,72,14,24.2922,0.142337%
0.95,508,15,24.2881,0.142313%
0.95,44,11,24.284,0.142289%
0.95,198,7,24.2798,0.142265%
0.95,246,9,24.2675,0.142192%
0.95,573,13,24.2593,0.142144%
0.95,441,2,24.2551,0.14212%
0.95,168,13,24.2469,0.142072%
0.95,328,10,24.2387,0.142024%
0.95,466,6,24.2346,0.141999%
0.95,515,10,24.2099,0.141855%
0.95,306,10,24.2016,0.141807%
0.95,421,11,24.1975,0.141782%
0.95,496,3,24.1934,0.141758%
0.95,142,15,24.1852,0.14171%
0.95,547,5,24.1811,0.141686%
0.95,203,1,24.1523,0.141517%
0.95,361,13,24.1481,0.141493%
0.95,326,5,24.144,0.141469%
0.95,486,7,24.1399,0.141445%
0.95,444,15,24.1358,0.141421%
0.95,577,1,24.1317,0.141397%
0.95,407,12,24.1193,0.141324%
0.95,496,7,24.1111,0.141276%
0.95,262,3,24.107,0.141252%
0.95,246,5,24.1029,0.141228%
0.95,430,6,24.0988,0.141204%
0.95,548,4,24.0947,0.14118%
0.95,540,9,24.0905,0.141155%
0.95,426,9,24.0864,0.141131%
0.95,136,2,24.0823,0.141107%
0.95,343,14,24.0782,0.141083%
0.95,220,6,24.0741,0.141059%
0.95,421,15,24.07,0.141035%
0.95,547,7,24.0658,0.141011%
0.95,589,1,24.0617,0.140987%
0.95,512,10,24.0576,0.140963%
0.95,419,4,24.0535,0.140938%
0.95,295,4,24.0494,0.140914%
0.95,543,8,24.0453,0.14089%
0.95,450,13,24.0412,0.140866%
0.95,263,5,24.037,0.140842%
0.95,330,2,24.0329,0.140818%
0.95,378,11,24.0288,0.140794%
0.95,392,7,24.0247,0.14077%
0.95,430,7,24.0206,0.140746%
0.95,431,15,24.0165,0.140721%
0.95,522,15,24.0123,0.140697%
0.95,418,14,24.0082,0.140673%
0.95,492,9,24.0041,0.140649%
0.95,479,15,24,0.140625%
0.95,329,6,23.9959,0.140601%
0.95,555,9,23.9918,0.140577%
0.95,264,5,23.9877,0.140553%
0.95,471,9,23.9835,0.140529%
0.95,505,9,23.9794,0.140504%
0.95,599,2,23.9753,0.14048%
0.95,450,1,23.9712,0.140456%
0.95,368,9,23.9671,0.140432%
0.95,561,15,23.963,0.140408%
0.95,297,1,23.9588,0.140384%
0.95,493,8,23.9547,0.14036%
0.95,517,9,23.9506,0.140336%
0.95,424,6,23.9424,0.140287%
0.95,430,11,23.9383,0.140263%
0.95,568,11,23.9342,0.140239%
0.95,374,6,23.93,0.140215%
0.95,287,10,23.9259,0.140191%
0.95,296,11,23.9218,0.140167%
0.95,373,6,23.9177,0.140143%
0.95,437,13,23.9136,0.140119%
0.95,299,12,23.9095,0.140095%
0.95,395,15,23.9053,0.14007%
0.95,402,2,23.8971,0.140022%
0.95,329,11,23.8889,0.139974%
0.95,541,11,23.8848,0.13995%
0.95,391,13,23.8807,0.139926%
0.95,180,10,23.8765,0.139902%
0.95,155,6,23.8724,0.139877%
0.95,170,3,23.8683,0.139853%
0.95,432,12,23.8642,0.139829%
0.95,338,14,23.8519,0.139757%
0.95,500,9,23.8477,0.139733%
0.95,114,10,23.8436,0.139709%
0.95,416,12,23.8354,0.13966%
0.95,561,1,23.8313,0.139636%
0.95,244,15,23.823,0.139588%
0.95,236,9,23.8107,0.139516%
0.95,543,15,23.8066,0.139492%
0.95,509,6,23.7984,0.139443%
0.95,114,8,23.7942,0.139419%
0.95,449,15,23.7901,0.139395%
0.95,500,5,23.786,0.139371%
0.95,432,5,23.7819,0.139347%
0.95,339,1,23.7778,0.139323%
0.95,554,6,23.7737,0.139299%
0.95,246,10,23.7654,0.139251%
0.95,449,11,23.7613,0.139226%
0.95,582,12,23.7572,0.139202%
0.95,78,10,23.7531,0.139178%
0.95,145,9,23.749,0.139154%
0.95,382,14,23.7449,0.13913%
0.95,479,10,23.7407,0.139106%
0.95,557,1,23.7366,0.139082%
0.95,396,6,23.7243,0.139009%
0.95,206,14,23.7202,0.138985%
0.95,259,15,23.7119,0.138937%
0.95,352,7,23.7078,0.138913%
0.95,497,9,23.6996,0.138865%
0.95,5,1,23.6955,0.138841%
0.95,199,7,23.6872,0.138792%
0.95,494,10,23.6831,0.138768%
0.95,375,15,23.679,0.138744%
0.95,335,2,23.6749,0.13872%
0.95,432,1,23.6667,0.138672%
0.95,370,13,23.6626,0.138648%
0.95,100,15,23.6543,0.1386%
0.95,402,4,23.6461,0.138551%
0.95,469,5,23.6379,0.138503%
0.95,496,9,23.6296,0.138455%
0.95,147,8,23.6214,0.138407%
0.95,403,10,23.6173,0.138383%
0.95,201,5,23.6049,0.13831%
0.95,237,5,23.6008,0.138286%
0.95,498,11,23.5885,0.138214%
0.95,172,3,23.5844,0.13819%
0.95,404,3,23.5802,0.138166%
0.95,370,5,23.5761,0.138141%
0.95,511,10,23.572,0.138117%
0.95,426,4,23.5597,0.138045%
0.95,437,6,23.5556,0.138021%
0.95,460,8,23.5514,0.137997%
0.95,462,7,23.5473,0.137973%
0.95,488,3,23.5391,0.137924%
0.95,66,5,23.535,0.1379%
0.95,68,14,23.5309,0.137876%
0.95,14,2,23.5267,0.137852%
0.95,264,11,23.5062,0.137731%
0.95,373,15,23.5021,0.137707%
0.95,157,10,23.4938,0.137659%
0.95,105,9,23.4897,0.137635%
0.95,588,15,23.4856,0.137611%
0.95,514,14,23.4815,0.137587%
0.95,406,3,23.4733,0.137539%
0.95,352,14,23.4691,0.137514%
0.95,403,6,23.465,0.13749%
0.95,561,4,23.4609,0.137466%
0.95,357,10,23.4486,0.137394%
0.95,312,3,23.4362,0.137322%
0.95,522,11,23.428,0.137273%
0.95,484,6,23.4239,0.137249%
0.95,260,15,23.4115,0.137177%
0.95,553,11,23.4074,0.137153%
0.95,258,12,23.4033,0.137129%
0.95,74,7,23.3992,0.137105%
0.95,463,12,23.3951,0.13708%
0.95,337,6,23.3868,0.137032%
0.95,401,6,23.3704,0.136936%
0.95,271,7,23.3621,0.136888%
0.95,449,6,23.358,0.136863%
0.95,360,5,23.3498,0.136815%
0.95,366,1,23.3457,0.136791%
0.95,424,4,23.3416,0.136767%
0.95,98,14,23.3128,0.136598%
0.95,473,4,23.3086,0.136574%
0.95,326,14,23.3045,0.13655%
0.95,545,5,23.3004,0.136526%
0.95,134,3,23.2963,0.136502%
0.95,371,4,23.2922,0.136478%
0.95,252,9,23.284,0.136429%
0.95,265,8,23.2798,0.136405%
0.95,66,13,23.2716,0.136357%
0.95,489,10,23.2675,0.136333%
0.95,179,13,23.2634,0.136309%
0.95,254,2,23.2551,0.136261%
0.95,407,10,23.251,0.136237%
0.95,148,4,23.2428,0.136188%
0.95,570,1,23.2346,0.13614%
0.95,327,13,23.2222,0.136068%
0.95,279,14,23.214,0.136019%
0.95,97,2,23.2099,0.135995%
0.95,222,12,23.2058,0.135971%
0.95,489,13,23.2016,0.135947%
0.95,417,13,23.1975,0.135923%
0.95,88,8,23.1934,0.135899%
0.95,436,14,23.1893,0.135875%
0.95,363,5,23.1852,0.135851%
0.95,477,14,23.1811,0.135827%
0.95,296,4,23.177,0.135802%
0.95,513,7,23.1728,0.135778%
0.95,154,15,23.1646,0.13573%
0.95,509,15,23.1564,0.135682%
0.95,580,6,23.1481,0.135634%
0.95,312,1,23.144,0.13561%
0.95,209,2,23.1399,0.135585%
0.95,566,7,23.1358,0.135561%
0.95,383,7,23.1276,0.135513%
0.95,165,5,23.1235,0.135489%
0.95,457,14,23.1111,0.135417%
0.95,96,2,23.107,0.135393%
0.95,123,11,23.1029,0.135368%
0.95,181,7,23.0988,0.135344%
0.95,198,6,23.0947,0.13532%
0.95,342,4,23.0905,0.135296%
0.95,163,15,23.0864,0.135272%
0.95,185,5,23.0823,0.135248%
0.95,270,2,23.0782,0.135224%
0.95,601,3,23.0741,0.1352%
0.95,201,2,23.07,0.135176%
0.95,471,5,23.0658,0.135151%
0.95,419,2,23.0576,0.135103%
0.95,477,12,23.0535,0.135079%
0.95,448,12,23.0494,0.135055%
0.95,353,14,23.0453,0.135031%
0.95,323,5,23.0412,0.135007%
0.95,480,1,23.037,0.134983%
0.95,386,6,23.0329,0.134959%
0.95,516,3,23.0247,0.13491%
0.95,209,8,23.0123,0.134838%
0.95,561,3,23,0.134766%
0.95,29,5,22.9918,0.134717%
0.95,183,2,22.9877,0.134693%
0.95,531,3,22.9835,0.134669%
0.95,51,1,22.9753,0.134621%
0.95,146,13,22.9712,0.134597%
0.95,473,9,22.9671,0.134573%
0.95,402,8,22.963,0.134549%
0.95,112,5,22.9588,0.134524%
0.95,467,12,22.9547,0.1345%
0.95,338,10,22.9424,0.134428%
0.95,64,7,22.9383,0.134404%
0.95,76,6,22.9342,0.13438%
0.95,164,11,22.93,0.134356%
0.95,490,7,22.9218,0.134307%
0.95,299,6,22.9177,0.134283%
0.95,509,9,22.9095,0.134235%
0.95,494,9,22.9053,0.134211%
0.95,52,15,22.8971,0.134163%
0.95,165,11,22.8889,0.134115%
0.95,157,9,22.8848,0.13409%
0.95,338,11,22.8807,0.134066%
0.95,391,15,22.8765,0.134042%
0.95,411,8,22.8724,0.134018%
0.95,74,4,22.8683,0.133994%
0.95,269,2,22.8642,0.13397%
0.95,467,15,22.8477,0.133873%
0.95,490,11,22.8395,0.133825%
0.95,370,14,22.8354,0.133801%
0.95,224,13,22.8313,0.133777%
0.95,555,14,22.8272,0.133753%
0.95,525,15,22.8189,0.133705%
0.95,24,11,22.8148,0.133681%
0.95,391,2,22.8107,0.133656%
0.95,329,12,22.8066,0.133632%
0.95,430,8,22.7942,0.13356%
0.95,178,2,22.7901,0.133536%
0.95,70,8,22.786,0.133512%
0.95,451,11,22.7819,0.133488%
0.95,238,15,22.7778,0.133464%
0.95,450,11,22.7737,0.133439%
0.95,190,3,22.7695,0.133415%
0.95,185,3,22.7654,0.133391%
0.95,422,6,22.7613,0.133367%
0.95,207,13,22.7572,0.133343%
0.95,84,13,22.7531,0.133319%
0.95,141,9,22.749,0.133295%
0.95,548,1,22.7366,0.133222%
0.95,525,6,22.7325,0.133198%
0.95,336,8,22.7284,0.133174%
0.95,461,8,22.7202,0.133126%
0.95,310,14,22.716,0.133102%
0.95,148,7,22.7119,0.133078%
0.95,551,12,22.7078,0.133054%
0.95,497,13,22.7037,0.13303%
0.95,406,1,22.6996,0.133005%
0.95,183,4,22.6955,0.132981%
0.95,602,9,22.6914,0.132957%
0.95,466,10,22.679,0.132885%
0.95,47,9,22.6749,0.132861%
0.95,207,3,22.6708,0.132837%
0.95,553,14,22.6667,0.132813%
0.95,261,12,22.6626,0.132788%
0.95,156,10,22.6584,0.132764%
0.95,352,12,22.6543,0.13274%
0.95,433,10,22.6502,0.132716%
0.95,113,6,22.642,0.132668%
0.95,466,15,22.6379,0.132644%
0.95,471,4,22.6255,0.132571%
0.95,274,11,22.6214,0.132547%
0.95,225,5,22.6091,0.132475%
0.95,145,5,22.6049,0.132451%
0.95,160,7,22.5885,0.132354%
0.95,255,11,22.5802,0.132306%
0.95,21,5,22.572,0.132258%
0.95,392,8,22.5679,0.132234%
0.95,124,10,22.5638,0.13221%
0.95,390,10,22.5597,0.132186%
0.95,431,10,22.5556,0.132161%
0.95,161,1,22.5473,0.132113%
0.95,296,2,22.5432,0.132089%
0.95,546,3,22.5391,0.132065%
0.95,265,13,22.535,0.132041%
0.95,231,9,22.5226,0.131969%
0.95,431,7,22.5185,0.131944%
0.95,112,8,22.5103,0.131896%
0.95,258,3,22.5062,0.131872%
0.95,551,5,22.5021,0.131848%
0.95,561,8,22.4938,0.1318%
0.95,222,4,22.4897,0.131776%
0.95,603,9,22.4774,0.131703%
0.95,300,14,22.4691,0.131655%
0.95,342,13,22.4609,0.131607%
0.95,474,15,22.4568,0.131583%
0.95,194,9,22.4486,0.131535%
0.95,83,3,22.4362,0.131462%
0.95,247,14,22.428,0.131414%
0.95,99,9,22.4156,0.131342%
0.95,573,10,22.4074,0.131293%
0.95,279,11,22.4033,0.131269%
0.95,279,4,22.3951,0.131221%
0.95,56,6,22.3909,0.131197%
0.95,496,8,22.3868,0.131173%
0.95,561,6,22.3786,0.131125%
0.95,404,13,22.3663,0.131052%
0.95,197,14,22.3621,0.131028%
0.95,359,7,22.358,0.131004%
0.95,459,12,22.3539,0.13098%
0.95,362,1,22.3498,0.130956%
0.95,568,8,22.321,0.130787%
0.95,201,10,22.3169,0.130763%
0.95,178,7,22.3128,0.130739%
0.95,261,1,22.3004,0.130666%
0.95,144,9,22.2922,0.130618%
0.95,282,9,22.2881,0.130594%
0.95,248,10,22.284,0.13057%
0.95,359,6,22.2798,0.130546%
0.95,365,14,22.2757,0.130522%
0.95,259,9,22.2716,0.130498%
0.95,194,13,22.2675,0.130474%
0.95,332,11,22.2469,0.130353%
0.95,278,10,22.2428,0.130329%
0.95,490,8,22.2387,0.130305%
0.95,319,3,22.2305,0.130257%
0.95,494,6,22.2263,0.130232%
0.95,263,3,22.2181,0.130184%
0.95,264,7,22.2099,0.130136%
0.95,26,15,22.2058,0.130112%
0.95,398,14,22.1934,0.13004%
0.95,391,3,22.1893,0.130015%
0.95,104,12,22.1852,0.129991%
0.95,353,8,22.1728,0.129919%
0.95,482,6,22.1687,0.129895%
0.95,277,5,22.1646,0.129871%
0.95,404,9,22.1481,0.129774%
0.95,265,6,22.1399,0.129726%
0.95,602,8,22.1358,0.129702%
0.95,116,6,22.1276,0.129654%
0.95,557,2,22.1235,0.12963%
0.95,60,13,22.1193,0.129606%
0.95,553,13,22.1111,0.129557%
0.95,524,15,22.1029,0.129509%
0.95,112,15,22.0905,0.129437%
0.95,247,13,22.0823,0.129389%
0.95,66,7,22.0741,0.12934%
0.95,479,8,22.07,0.129316%
0.95,389,11,22.0617,0.129268%
0.95,541,6,22.0535,0.12922%
0.95,364,11,22.0494,0.129196%
0.95,484,12,22.0412,0.129147%
0.95,91,8,22.037,0.129123%
0.95,101,13,22.0329,0.129099%
0.95,459,14,22.0247,0.129051%
0.95,13,15,22.0165,0.129003%
0.95,209,7,22.0123,0.128979%
0.95,335,8,22.0041,0.12893%
0.95,206,5,21.9959,0.128882%
0.95,328,3,21.9918,0.128858%
0.95,425,3,21.9835,0.12881%
0.95,40,6,21.9753,0.128762%
0.95,462,9,21.9712,0.128737%
0.95,539,9,21.9547,0.128641%
0.95,178,8,21.9465,0.128593%
0.95,3,3,21.9383,0.128545%
0.95,176,4,21.9342,0.12852%
0.95,561,10,21.9218,0.128448%
0.95,356,14,21.9177,0.128424%
0.95,253,6,21.9095,0.128376%
0.95,78,5,21.893,0.128279%
0.95,80,6,21.8889,0.128255%
0.95,341,7,21.8848,0.128231%
0.95,362,8,21.8807,0.128207%
0.95,495,13,21.8683,0.128135%
0.95,163,7,21.8642,0.128111%
0.95,227,15,21.8601,0.128086%
0.95,195,9,21.856,0.128062%
0.95,261,9,21.8436,0.12799%
0.95,382,3,21.8354,0.127942%
0.95,361,7,21.8272,0.127894%
0.95,462,5,21.8189,0.127845%
0.95,205,2,21.8107,0.127797%
0.95,401,2,21.7942,0.127701%
0.95,382,4,21.7737,0.12758%
0.95,444,5,21.7572,0.127484%
0.95,235,14,21.7531,0.127459%
0.95,401,13,21.749,0.127435%
0.95,561,13,21.7366,0.127363%
0.95,82,11,21.716,0.127242%
0.95,193,1,21.7037,0.12717%
0.95,539,1,21.6996,0.127146%
0.95,45,3,21.6955,0.127122%
0.95,3,15,21.6831,0.12705%
0.95,178,13,21.679,0.127025%
0.95,112,3,21.6749,0.127001%
0.95,141,14,21.6667,0.126953%
0.95,557,6,21.6584,0.126905%
0.95,167,9,21.6543,0.126881%
0.95,339,6,21.6502,0.126857%
0.95,478,4,21.6379,0.126784%
0.95,363,7,21.6337,0.12676%
0.95,493,9,21.5761,0.126423%
0.95,448,14,21.5679,0.126374%
0.95,201,11,21.5556,0.126302%
0.95,10,12,21.5514,0.126278%
0.95,76,13,21.5432,0.12623%
0.95,281,13,21.5391,0.126206%
0.95,426,15,21.535,0.126182%
0.95,510,5,21.5226,0.126109%
0.95,319,11,21.5185,0.126085%
0.95,192,13,21.5144,0.126061%
0.95,3,9,21.5062,0.126013%
0.95,480,9,21.4979,0.125965%
0.95,509,13,21.4856,0.125892%
0.95,35,2,21.465,0.125772%
0.95,92,15,21.4527,0.125699%
0.95,18,12,21.4239,0.12553%
0.95,238,5,21.4156,0.125482%
0.95,17,14,21.3992,0.125386%
0.95,438,14,21.3951,0.125362%
0.95,97,4,21.3909,0.125338%
0.95,385,6,21.3827,0.125289%
0.95,498,10,21.3786,0.125265%
0.95,399,10,21.3539,0.125121%
0.95,427,6,21.3292,0.124976%
0.95,431,4,21.3086,0.124855%
0.95,431,13,21.3004,0.124807%
0.95,205,8,21.2963,0.124783%
0.95,185,8,21.2798,0.124687%
0.95,427,9,21.2757,0.124662%
0.95,259,5,21.2593,0.124566%
0.95,136,9,21.2551,0.124542%
0.95,203,3,21.251,0.124518%
0.95,158,11,21.2428,0.12447%
0.95,10,13,21.2346,0.124421%
0.95,390,7,21.2305,0.124397%
0.95,489,12,21.2263,0.124373%
0.95,14,10,21.2099,0.124277%
0.95,381,10,21.1893,0.124156%
0.95,471,7,21.177,0.124084%
0.95,32,12,21.1605,0.123987%
0.95,364,6,21.1564,0.123963%
0.95,450,2,21.107,0.123674%
0.95,347,10,21.0864,0.123553%
0.95,425,7,21.0741,0.123481%
0.95,16,6,21.0453,0.123312%
0.95,473,2,21.037,0.123264%
0.95,164,10,21.0288,0.123216%
0.95,494,13,21.0082,0.123095%
0.95,225,8,21,0.123047%
0.95,398,12,20.9835,0.12295%
0.95,316,2,20.9753,0.122902%
0.95,431,12,20.9383,0.122685%
0.95,498,9,20.9259,0.122613%
0.95,426,10,20.9053,0.122492%
0.95,328,12,20.8971,0.122444%
0.95,329,10,20.856,0.122203%
0.95,322,14,20.8395,0.122106%
0.95,158,6,20.8272,0.122034%
0.95,463,6,20.7819,0.121769%
0.95,376,10,20.7737,0.121721%
0.95,603,3,20.7284,0.121455%
0.95,51,8,20.7202,0.121407%
0.95,277,1,20.6626,0.12107%
0.95,41,14,20.6502,0.120997%
0.95,80,1,20.6255,0.120853%
0.95,463,3,20.6008,0.120708%
0.95,385,15,20.5926,0.12066%
0.95,378,14,20.5597,0.120467%
0.95,372,11,20.4815,0.120009%
0.95,436,8,20.3909,0.119478%
0.95,207,6,20.3704,0.119358%
0.95,68,5,20.2922,0.118899%
0.95,210,8,20.2222,0.11849%
0.95,370,8,20.2181,0.118465%
0.95,378,13,20.1975,0.118345%
0.95,261,8,20.0864,0.117694%
0.95,445,4,20.0206,0.117308%
0.95,105,14,19.893,0.116561%
0.95,327,2,19.8477,0.116295%
0.95,293,13,19.7366,0.115644%
0.95,33,2,19.6749,0.115283%
0.95,401,12,19.5597,0.114607%
0.95,256,15,19.5267,0.114415%
0.95,161,10,19.5226,0.11439%
0.95,227,14,19.5021,0.11427%
0.95,31,8,19.4444,0.113932%
0.95,51,4,19.1728,0.112341%
0.95,121,1,18.8642,0.110532%
0.95,216,6,18.8436,0.110412%
0.95,281,15,18.8148,0.110243%
0.95,80,11,18.6337,0.109182%
0.95,385,11,18.4609,0.108169%
0.95,458,13,18.3909,0.107759%
0.95,32,2,18.3416,0.10747%
0.95,14,14,18.251,0.10694%
0.95,469,13,17.3333,0.101563%
0.95,480,2,17.2593,0.101128%
0.95,285,7,16.963,0.0993924%
0.95,197,13,16.9342,0.0992236%
0.95,473,12,16.7942,0.0984037%
0.95,294,11,16.7243,0.0979938%
0.95,231,3,16.5885,0.0971981%
0.95,268,13,16.4239,0.0962336%
0.95,116,9,16.3827,0.0959925%
0.95,43,14,15.572,0.0912423%
0.95,366,2,15.4609,0.0905912%
0.95,129,1,15.4486,0.0905189%
0.95,226,8,15.3045,0.089675%
0.95,602,10,15.2222,0.0891927%
0.95,335,4,14.3704,0.0842014%
0.95,242,15,13.321,0.0780527%
0.95,161,2,12.749,0.074701%
0.95,209,10,12.6914,0.0743634%
0.95,91,5,12.3868,0.0725791%
0.95,129,3,11.8477,0.0694203%
0.95,330,12,11.7778,0.0690104%
0.95,603,4,11.679,0.0684317%
0.95,318,3,11.6132,0.0680459%
0.95,144,5,11.535,0.0675878%
0.95,406,9,11.5144,0.0674672%
0.95,570,2,11.5021,0.0673949%
0.95,277,7,11.4979,0.0673708%
0.95,136,12,11.4856,0.0672984%
0.95,5,12,11.4815,0.0672743%
0.95,177,12,11.4733,0.0672261%
0.95,223,2,11.4609,0.0671537%
0.95,382,2,11.4527,0.0671055%
0.95,47,5,11.4486,0.0670814%
0.95,172,11,11.4403,0.0670332%
0.95,502,12,11.4362,0.0670091%
0.95,592,3,11.428,0.0669608%
0.95,17,4,11.3868,0.0667197%
0.95,379,4,11.3786,0.0666715%
0.95,463,11,11.3745,0.0666474%
0.95,480,3,11.3704,0.0666233%
0.95,124,8,11.3416,0.0664545%
0.95,515,12,11.3333,0.0664063%
0.95,58,5,11.3004,0.0662133%
0.95,97,6,11.2428,0.0658758%
0.95,208,5,11.2346,0.0658275%
0.95,265,10,11.2016,0.0656346%
0.95,394,10,11.1481,0.0653212%
0.95,143,5,11.1399,0.065273%
0.95,233,5,11.1276,0.0652006%
0.95,398,5,11.1111,0.0651042%
0.95,12,1,11.107,0.0650801%
0.95,347,12,11.1029,0.0650559%
0.95,12,11,11.0988,0.0650318%
0.95,522,13,11.0741,0.0648872%
0.95,265,14,11.07,0.064863%
0.95,249,15,11.0658,0.0648389%
0.95,450,8,11.0576,0.0647907%
0.95,493,3,11.0494,0.0647425%
0.95,265,12,11.0453,0.0647184%
0.95,260,8,11.0288,0.0646219%
0.95,62,12,11.0206,0.0645737%
0.95,440,11,11.0165,0.0645496%
0.95,265,9,11.0123,0.0645255%
0.95,379,2,11.0082,0.0645014%
0.95,321,3,11.0041,0.0644772%
0.95,476,12,11,0.0644531%
0.95,64,10,10.9918,0.0644049%
0.95,442,4,10.9877,0.0643808%
0.95,196,4,10.9835,0.0643567%
0.95,436,9,10.9794,0.0643326%
0.95,509,7,10.963,0.0642361%
0.95,88,2,10.9547,0.0641879%
0.95,263,4,10.9506,0.0641638%
0.95,60,6,10.9465,0.0641397%
0.95,408,11,10.9424,0.0641155%
0.95,506,12,10.9383,0.0640914%
0.95,560,15,10.9342,0.0640673%
0.95,415,5,10.93,0.0640432%
0.95,443,3,10.9095,0.0639226%
0.95,137,13,10.8889,0.0638021%
0.95,64,9,10.8848,0.063778%
0.95,227,10,10.8765,0.0637297%
0.95,201,9,10.8683,0.0636815%
0.95,370,11,10.8642,0.0636574%
0.95,405,15,10.856,0.0636092%
0.95,199,15,10.823,0.0634163%
0.95,8,12,10.8107,0.0633439%
0.95,188,8,10.8066,0.0633198%
0.95,269,15,10.7778,0.063151%
0.95,430,14,10.7654,0.0630787%
0.95,417,12,10.7613,0.0630546%
0.95,363,4,10.7407,0.062934%
0.95,307,4,10.7366,0.0629099%
0.95,15,2,10.7202,0.0628135%
0.95,192,1,10.7037,0.062717%
0.95,402,6,10.6996,0.0626929%
0.95,395,8,10.6914,0.0626447%
0.95,42,8,10.6872,0.0626206%
0.95,157,6,10.679,0.0625723%
0.95,177,13,10.6543,0.0624277%
0.95,24,6,10.6461,0.0623794%
0.95,4,13,10.642,0.0623553%
0.95,234,9,10.6337,0.0623071%
0.95,353,4,10.6214,0.0622348%
0.95,417,15,10.6173,0.0622106%
0.95,330,13,10.6132,0.0621865%
0.95,504,7,10.6091,0.0621624%
0.95,398,3,10.6049,0.0621383%
0.95,464,14,10.6008,0.0621142%
0.95,495,9,10.5926,0.062066%
0.95,289,10,10.5802,0.0619936%
0.95,405,5,10.5638,0.0618972%
0.95,325,10,10.5103,0.0615837%
0.95,536,7,10.5021,0.0615355%
0.95,297,2,10.4979,0.0615114%
0.95,206,15,10.4815,0.0614149%
0.95,64,12,10.4733,0.0613667%
0.95,494,14,10.4609,0.0612944%
0.95,341,2,10.4321,0.0611256%
0.95,433,3,10.4115,0.061005%
0.95,160,2,10.3909,0.0608844%
0.95,269,7,10.3786,0.0608121%
0.95,269,6,10.3704,0.0607639%
0.95,417,6,10.3663,0.0607398%
0.95,167,10,10.3498,0.0606433%
0.95,451,14,10.3457,0.0606192%
0.95,192,2,10.3333,0.0605469%
0.95,512,13,10.321,0.0604745%
0.95,192,7,10.3169,0.0604504%
0.95,445,12,10.3045,0.0603781%
0.95,40,14,10.2881,0.0602816%
0.95,43,4,10.251,0.0600646%
0.95,421,8,10.1934,0.059727%
0.95,175,9,10.177,0.0596306%
0.95,234,12,10.1687,0.0595824%
0.95,272,5,10.1646,0.0595583%
0.95,64,6,10.1564,0.05951%
0.95,97,15,10.1523,0.0594859%
0.95,240,15,10.1399,0.0594136%
0.95,322,7,10.1276,0.0593412%
0.95,257,14,10.1235,0.0593171%
0.95,401,1,10.0988,0.0591725%
0.95,541,14,10.0947,0.0591483%
0.95,268,8,10.0782,0.0590519%
0.95,352,15,10.0576,0.0589313%
0.95,548,9,10.0206,0.0587143%
0.95,183,8,10.0165,0.0586902%
0.95,524,1,10.0041,0.0586179%
0.95,420,11,9.97119,0.058425%
0.95,492,13,9.96296,0.0583767%
0.95,149,4,9.93827,0.0582321%
0.95,330,15,9.93004,0.0581838%
0.95,375,14,9.89712,0.0579909%
0.95,575,5,9.88066,0.0578945%
0.95,197,11,9.87243,0.0578463%
0.95,216,7,9.84362,0.0576775%
0.95,64,13,9.83951,0.0576534%
0.95,256,14,9.83128,0.0576051%
0.95,445,6,9.81481,0.0575087%
0.95,104,3,9.8107,0.0574846%
0.95,160,15,9.78601,0.0573399%
0.95,344,10,9.78189,0.0573158%
0.95,514,13,9.77778,0.0572917%
0.95,192,11,9.76132,0.0571952%
0.95,277,2,9.7572,0.0571711%
0.95,25,6,9.72016,0.0569541%
0.95,326,6,9.7037,0.0568576%
0.95,381,15,9.69959,0.0568335%
0.95,318,2,9.66255,0.0566165%
0.95,443,15,9.65844,0.0565924%
0.95,390,14,9.65021,0.0565442%
0.95,51,5,9.63786,0.0564718%
0.95,101,10,9.6214,0.0563754%
0.95,395,7,9.61728,0.0563513%
0.95,277,11,9.61317,0.0563272%
0.95,494,7,9.59259,0.0562066%
0.95,325,8,9.58436,0.0561584%
0.95,163,6,9.5679,0.0560619%
0.95,491,15,9.50617,0.0557002%
0.95,462,4,9.48971,0.0556038%
0.95,498,15,9.47325,0.0555073%
0.95,32,3,9.46502,0.0554591%
0.95,194,11,9.44856,0.0553627%
0.95,325,7,9.44444,0.0553385%
0.95,276,15,9.42387,0.055218%
0.95,180,15,9.41975,0.0551939%
0.95,246,3,9.36625,0.0548804%
0.95,280,8,9.36214,0.0548563%
0.95,171,13,9.33333,0.0546875%
0.95,192,6,9.30864,0.0545428%
0.95,485,15,9.30453,0.0545187%
0.95,124,3,9.27984,0.054374%
0.95,397,13,9.27572,0.0543499%
0.95,366,12,9.26749,0.0543017%
0.95,462,11,9.23868,0.0541329%
0.95,13,2,9.21399,0.0539882%
0.95,493,12,9.19342,0.0538677%
0.95,32,14,9.1893,0.0538436%
0.95,20,12,9.16461,0.0536989%
0.95,262,7,9.16049,0.0536748%
0.95,160,8,9.14815,0.0536024%
0.95,207,5,9.07407,0.0531684%
0.95,202,1,9.06584,0.0531202%
0.95,391,6,9.0535,0.0530478%
0.95,84,14,9.02058,0.0528549%
0.95,121,13,8.99588,0.0527103%
0.95,269,3,8.98354,0.0526379%
0.95,212,10,8.9465,0.0524209%
0.95,328,1,8.94239,0.0523968%
0.95,14,8,8.93416,0.0523486%
0.95,112,2,8.8642,0.0519387%
0.95,473,15,8.85597,0.0518904%
0.95,445,7,8.83539,0.0517699%
0.95,146,2,8.78601,0.0514805%
0.95,8,13,8.69959,0.0509741%
0.95,259,2,8.67901,0.0508536%
0.95,381,6,8.66667,0.0507813%
0.95,13,8,8.62551,0.0505401%
0.95,98,5,8.58848,0.0503231%
0.95,268,12,8.52263,0.0499373%
0.95,216,15,8.4856,0.0497203%
0.95,401,7,8.48148,0.0496962%
0.95,442,9,8.44444,0.0494792%
0.95,324,2,8.36625,0.049021%
0.95,143,15,8.34979,0.0489246%
0.95,156,15,8.33333,0.0488281%
0.95,181,1,8.3251,0.0487799%
0.95,478,6,8.27572,0.0484905%
0.95,528,7,8.26749,0.0484423%
0.95,382,13,8.17695,0.0479118%
0.95,417,9,8.16872,0.0478636%
0.95,486,15,8.09877,0.0474537%
0.95,340,11,8.04527,0.0471402%
0.95,28,15,8.02469,0.0470197%
0.95,381,14,7.92593,0.046441%
0.95,136,4,7.9177,0.0463927%
0.95,240,5,7.61317,0.0446084%
0.95,349,14,7.55967,0.0442949%
0.95,176,9,7.47737,0.0438127%
0.95,121,7,7.41152,0.0434269%
0.95,146,4,7.32922,0.0429446%
0.95,246,15,7.25926,0.0425347%
0.95,273,6,5.80658,0.034023%
0.95,564,14,5.79012,0.0339265%
0.95,567,7,5.77778,0.0338542%
0.95,87,1,5.53498,0.0324315%
0.95,323,13,5.53086,0.0324074%
0.95,356,1,5.44033,0.0318769%
0.95,356,3,5.34979,0.0313464%
0.95,530,9,5.34568,0.0313223%
0.95,592,11,5.31687,0.0311535%
0.95,428,4,5.27161,0.0308883%
0.95,33,4,5.19753,0.0304543%
0.95,447,7,5.13169,0.0300685%
0.95,563,2,5.07407,0.0297309%
0.95,556,3,5.06996,0.0297068%
0.95,584,4,5.0535,0.0296103%
0.95,576,2,5.04527,0.0295621%
0.95,263,12,5.03292,0.0294898%
0.95,487,1,4.93416,0.0289111%
0.95,377,6,4.92181,0.0288387%
0.95,135,9,4.9177,0.0288146%
0.95,597,11,4.8642,0.0285012%
0.95,356,10,4.84362,0.0283806%
0.95,560,10,4.78601,0.028043%
0.95,539,13,4.77778,0.0279948%
0.95,538,11,4.77366,0.0279707%
0.95,356,7,4.73663,0.0277537%
0.95,593,8,4.66667,0.0273438%
0.95,304,15,4.65021,0.0272473%
0.95,584,14,4.63374,0.0271509%
0.95,314,8,4.62963,0.0271267%
0.95,568,15,4.6214,0.0270785%
0.95,567,9,4.59259,0.0269097%
0.95,503,4,4.58436,0.0268615%
0.95,547,10,4.58025,0.0268374%
0.95,377,15,4.54321,0.0266204%
0.95,141,7,4.51852,0.0264757%
0.95,94,12,4.49794,0.0263551%
0.95,500,10,4.48148,0.0262587%
0.95,453,15,4.45679,0.026114%
0.95,304,9,4.39918,0.0257764%
0.95,453,7,4.39506,0.0257523%
0.95,152,1,4.35802,0.0255353%
0.95,274,3,4.35391,0.0255112%
0.95,551,1,4.34979,0.0254871%
0.95,355,10,4.34568,0.025463%
0.95,497,1,4.34156,0.0254388%
0.95,521,1,4.28807,0.0251254%
0.95,350,10,4.28395,0.0251013%
0.95,355,13,4.27984,0.0250772%
0.95,501,2,4.25514,0.0249325%
0.95,298,13,4.21811,0.0247155%
0.95,216,5,4.19753,0.0245949%
0.95,558,11,4.19342,0.0245708%
0.95,191,9,4.15226,0.0243297%
0.95,556,8,4.14403,0.0242814%
0.95,542,4,4.13992,0.0242573%
0.95,406,5,4.1358,0.0242332%
0.95,252,12,4.11111,0.0240885%
0.95,371,1,4.05761,0.0237751%
0.95,571,9,4.0535,0.023751%
0.95,573,11,4.04938,0.0237269%
0.95,523,5,4.04527,0.0237027%
0.95,447,11,4.00823,0.0234857%
0.95,567,15,4,0.0234375%
0.95,499,8,3.98765,0.0233652%
0.95,154,8,3.96708,0.0232446%
0.95,516,13,3.95473,0.0231723%
0.95,36,9,3.93416,0.0230517%
0.95,117,5,3.92181,0.0229794%
0.95,316,1,3.90535,0.0228829%
0.95,525,12,3.90123,0.0228588%
0.95,457,4,3.89712,0.0228347%
0.95,272,2,3.86008,0.0226177%
0.95,597,8,3.85597,0.0225936%
0.95,525,5,3.84774,0.0225453%
0.95,189,6,3.84362,0.0225212%
0.95,539,3,3.82716,0.0224248%
0.95,563,10,3.81481,0.0223524%
0.95,563,1,3.8107,0.0223283%
0.95,549,12,3.80247,0.0222801%
0.95,217,15,3.79012,0.0222078%
0.95,457,2,3.77778,0.0221354%
0.95,519,2,3.77366,0.0221113%
0.95,581,7,3.76955,0.0220872%
0.95,452,12,3.76543,0.0220631%
0.95,505,14,3.75309,0.0219907%
0.95,576,9,3.74897,0.0219666%
0.95,524,13,3.73251,0.0218702%
0.95,553,6,3.72016,0.0217978%
0.95,457,1,3.71193,0.0217496%
0.95,372,10,3.70782,0.0217255%
0.95,574,6,3.69136,0.0216291%
0.95,37,5,3.67901,0.0215567%
0.95,271,2,3.66667,0.0214844%
0.95,434,12,3.64198,0.0213397%
0.95,336,10,3.63786,0.0213156%
0.95,598,11,3.62963,0.0212674%
0.95,380,6,3.6214,0.0212191%
0.95,575,13,3.61317,0.0211709%
0.95,343,9,3.59671,0.0210745%
0.95,131,4,3.58848,0.0210262%
0.95,153,9,3.58436,0.0210021%
0.95,433,5,3.58025,0.020978%
0.95,519,10,3.55967,0.0208574%
0.95,566,9,3.5144,0.0205922%
0.95,313,13,3.49794,0.0204958%
0.95,572,11,3.48971,0.0204475%
0.95,110,14,3.48148,0.0203993%
0.95,453,11,3.47325,0.0203511%
0.95,594,13,3.46502,0.0203029%
0.95,274,7,3.45679,0.0202546%
0.95,456,2,3.4321,0.02011%
0.95,387,13,3.41975,0.0200376%
0.95,293,1,3.39506,0.0198929%
0.95,590,15,3.35802,0.0196759%
0.95,534,14,3.34568,0.0196036%
0.95,266,1,3.34156,0.0195795%
0.95,459,10,3.33745,0.0195554%
0.95,501,5,3.28395,0.0192419%
0.95,135,11,3.27984,0.0192178%
0.95,522,12,3.25514,0.0190731%
0.95,530,4,3.2428,0.0190008%
0.95,565,14,3.22222,0.0188802%
0.95,307,12,3.20165,0.0187596%
0.95,508,2,3.14815,0.0184462%
0.95,131,11,3.13992,0.018398%
0.95,564,1,3.13169,0.0183497%
0.95,371,9,3.11934,0.0182774%
0.95,533,9,3.11523,0.0182533%
0.95,500,1,3.11111,0.0182292%
0.95,515,1,3.107,0.0182051%
0.95,174,1,3.09053,0.0181086%
0.95,219,10,3.07819,0.0180363%
0.95,550,7,3.06173,0.0179398%
0.95,571,2,3.05761,0.0179157%
0.95,536,11,3.04938,0.0178675%
0.95,439,1,3.04115,0.0178193%
0.95,577,8,3,0.0175781%
0.95,308,3,2.95885,0.017337%
0.95,6,15,2.95473,0.0173129%
0.95,582,8,2.93416,0.0171923%
0.95,54,15,2.91358,0.0170718%
0.95,532,4,2.893,0.0169512%
0.95,549,3,2.86831,0.0168065%
0.95,408,15,2.86008,0.0167583%
0.95,460,6,2.84774,0.016686%
0.95,586,8,2.83951,0.0166377%
0.95,487,10,2.83128,0.0165895%
0.95,491,4,2.81893,0.0165172%
0.95,521,9,2.81481,0.0164931%
0.95,558,8,2.80658,0.0164448%
0.95,457,6,2.77366,0.0162519%
0.95,562,9,2.76955,0.0162278%
0.95,369,3,2.76543,0.0162037%
0.95,558,4,2.73663,0.0160349%
0.95,342,14,2.72016,0.0159385%
0.95,563,14,2.71605,0.0159144%
0.95,563,15,2.71193,0.0158902%
0.95,321,15,2.65844,0.0155768%
0.95,519,12,2.61728,0.0153356%
0.95,567,8,2.61317,0.0153115%
0.95,545,13,2.60494,0.0152633%
0.95,8,8,2.59671,0.0152151%
0.95,538,3,2.59259,0.015191%
0.95,556,15,2.58025,0.0151186%
0.95,123,7,2.56379,0.0150222%
0.95,591,4,2.55967,0.0149981%
0.95,283,12,2.55556,0.014974%
0.95,515,3,2.53498,0.0148534%
0.95,286,6,2.52675,0.0148052%
0.95,211,1,2.50617,0.0146846%
0.95,211,14,2.50206,0.0146605%
0.95,387,9,2.49794,0.0146364%
0.95,152,12,2.44444,0.0143229%
0.95,591,12,2.41975,0.0141782%
0.95,19,14,2.39506,0.0140336%
0.95,423,7,2.37449,0.013913%
0.95,437,15,2.36626,0.0138648%
0.95,521,4,2.35802,0.0138166%
0.95,550,12,2.34979,0.0137683%
0.95,497,3,2.34568,0.0137442%
0.95,492,15,2.34156,0.0137201%
0.95,583,11,2.33333,0.0136719%
0.95,515,9,2.3251,0.0136237%
0.95,351,5,2.32099,0.0135995%
0.95,444,11,2.31687,0.0135754%
0.95,579,14,2.30864,0.0135272%
0.95,511,5,2.28807,0.0134066%
0.95,486,12,2.27984,0.0133584%
0.95,303,2,2.27161,0.0133102%
0.95,321,8,2.26749,0.0132861%
0.95,593,6,2.26337,0.013262%
0.95,559,9,2.25926,0.0132378%
0.95,439,8,2.25514,0.0132137%
0.95,477,4,2.25103,0.0131896%
0.95,337,15,2.24691,0.0131655%
0.95,456,4,2.2428,0.0131414%
0.95,578,1,2.23868,0.0131173%
0.95,300,9,2.22634,0.0130449%
0.95,126,3,2.21811,0.0129967%
0.95,18,7,2.21399,0.0129726%
0.95,601,7,2.20165,0.0129003%
0.95,583,7,2.18519,0.0128038%
0.95,241,13,2.17695,0.0127556%
0.95,333,14,2.17284,0.0127315%
0.95,501,15,2.14815,0.0125868%
0.95,508,3,2.13992,0.0125386%
0.95,217,9,2.1358,0.0125145%
0.95,307,13,2.12757,0.0124662%
0.95,317,3,2.12346,0.0124421%
0.95,497,4,2.11111,0.0123698%
0.95,503,2,2.10288,0.0123216%
0.95,543,9,2.09465,0.0122733%
0.95,296,10,2.09053,0.0122492%
0.95,559,6,2.06996,0.0121287%
0.95,449,3,2.04938,0.0120081%
0.95,558,3,2.03704,0.0119358%
0.95,565,4,2.02881,0.0118875%
0.95,580,2,2.02469,0.0118634%
0.95,94,3,2.02058,0.0118393%
0.95,375,9,2.01646,0.0118152%
0.95,395,12,2.01235,0.0117911%
0.95,502,1,2,0.0117188%
0.95,301,12,1.99588,0.0116946%
0.95,554,13,1.98765,0.0116464%
0.95,395,10,1.97942,0.0115982%
0.95,326,13,1.97531,0.0115741%
0.95,367,13,1.96296,0.0115017%
0.95,263,2,1.95885,0.0114776%
0.95,328,14,1.95473,0.0114535%
0.95,370,7,1.95062,0.0114294%
0.95,127,15,1.94239,0.0113812%
0.95,270,8,1.93827,0.0113571%
0.95,512,12,1.93416,0.0113329%
0.95,569,6,1.92593,0.0112847%
0.95,301,3,1.92181,0.0112606%
0.95,530,3,1.9177,0.0112365%
0.95,20,8,1.91358,0.0112124%
0.95,10,10,1.90947,0.0111883%
0.95,587,10,1.89712,0.0111159%
0.95,580,9,1.893,0.0110918%
0.95,423,5,1.87654,0.0109954%
0.95,586,13,1.86008,0.0108989%
0.95,555,13,1.83128,0.0107301%
0.95,533,11,1.82716,0.010706%
0.95,424,3,1.80658,0.0105855%
0.95,113,3,1.79424,0.0105131%
0.95,586,10,1.79012,0.010489%
0.95,481,1,1.78601,0.0104649%
0.95,571,13,1.76955,0.0103684%
0.95,549,8,1.76543,0.0103443%
0.95,598,8,1.7572,0.0102961%
0.95,459,5,1.75309,0.010272%
0.95,117,10,1.74897,0.0102479%
0.95,419,5,1.74486,0.0102238%
0.95,383,2,1.74074,0.0101997%
0.95,128,13,1.73663,0.0101755%
0.95,530,8,1.7284,0.0101273%
0.95,481,4,1.72016,0.0100791%
0.95,564,2,1.71605,0.010055%
0.95,199,5,1.71193,0.0100309%
0.95,313,9,1.70782,0.0100068%
0.95,527,7,1.68724,0.00988619%
0.95,393,8,1.67901,0.00983796%
0.95,271,9,1.6749,0.00981385%
0.95,369,6,1.66255,0.00974151%
0.95,230,3,1.65021,0.00966917%
0.95,362,11,1.64609,0.00964506%
0.95,563,8,1.64198,0.00962095%
0.95,200,3,1.62963,0.00954861%
0.95,483,13,1.62551,0.0095245%
0.95,559,13,1.6214,0.00950039%
0.95,369,8,1.61728,0.00947627%
0.95,580,12,1.60905,0.00942805%
0.95,333,15,1.60494,0.00940393%
0.95,470,10,1.60082,0.00937982%
0.95,432,14,1.59671,0.00935571%
0.95,454,13,1.58848,0.00930748%
0.95,327,6,1.58436,0.00928337%
0.95,432,2,1.58025,0.00925926%
0.95,239,15,1.57202,0.00921103%
0.95,503,11,1.5679,0.00918692%
0.95,320,5,1.56379,0.00916281%
0.95,103,7,1.55967,0.0091387%
0.95,301,10,1.55556,0.00911458%
0.95,4,5,1.55144,0.00909047%
0.95,478,1,1.54733,0.00906636%
0.95,444,4,1.53909,0.00901813%
0.95,374,14,1.53498,0.00899402%
0.95,493,5,1.53086,0.00896991%
0.95,238,7,1.52263,0.00892168%
0.95,150,8,1.51852,0.00889757%
0.95,505,8,1.5144,0.00887346%
0.95,77,9,1.50206,0.00880112%
0.95,151,3,1.49794,0.00877701%
0.95,538,10,1.49383,0.00875289%
0.95,355,8,1.48971,0.00872878%
0.95,423,13,1.4856,0.00870467%
0.95,543,10,1.48148,0.00868056%
0.95,516,4,1.46914,0.00860822%
0.95,152,2,1.46502,0.0085841%
0.95,574,10,1.45679,0.00853588%
0.95,588,12,1.45267,0.00851177%
0.95,393,3,1.44033,0.00843943%
0.95,273,9,1.4321,0.0083912%
0.95,128,10,1.42798,0.00836709%
0.95,492,8,1.42387,0.00834298%
0.95,542,6,1.41564,0.00829475%
0.95,568,13,1.41152,0.00827064%
0.95,266,5,1.40741,0.00824653%
0.95,506,5,1.40329,0.00822242%
0.95,123,12,1.39918,0.0081983%
0.95,554,5,1.39506,0.00817419%
0.95,566,1,1.39095,0.00815008%
0.95,501,4,1.38683,0.00812596%
0.95,33,1,1.38272,0.00810185%
0.95,506,15,1.3786,0.00807774%
0.95,214,3,1.37037,0.00802951%
0.95,565,6,1.36214,0.00798129%
0.95,94,9,1.35802,0.00795718%
0.95,226,2,1.35391,0.00793306%
0.95,366,3,1.34979,0.00790895%
0.95,533,14,1.34568,0.00788484%
0.95,495,11,1.34156,0.00786073%
0.95,584,2,1.33745,0.00783661%
0.95,448,1,1.33333,0.0078125%
0.95,107,13,1.32922,0.00778839%
0.95,258,2,1.3251,0.00776427%
0.95,90,3,1.31687,0.00771605%
0.95,387,1,1.31276,0.00769194%
0.95,409,8,1.30864,0.00766782%
0.95,419,11,1.30453,0.00764371%
0.95,512,8,1.30041,0.0076196%
0.95,317,7,1.29218,0.00757137%
0.95,584,1,1.28807,0.00754726%
0.95,133,9,1.28395,0.00752315%
0.95,540,8,1.27984,0.00749904%
0.95,317,4,1.27572,0.00747492%
0.95,517,12,1.26749,0.0074267%
0.95,593,5,1.25926,0.00737847%
0.95,525,14,1.25514,0.00735436%
0.95,418,7,1.25103,0.00733025%
0.95,447,9,1.24691,0.00730613%
0.95,352,5,1.2428,0.00728202%
0.95,557,9,1.23868,0.00725791%
0.95,562,5,1.23457,0.0072338%
0.95,536,10,1.23045,0.00720968%
0.95,475,13,1.22634,0.00718557%
0.95,162,2,1.22222,0.00716146%
0.95,482,4,1.21811,0.00713735%
0.95,588,9,1.21399,0.00711323%
0.95,590,12,1.20576,0.00706501%
0.95,481,2,1.20165,0.00704089%
0.95,213,3,1.19753,0.00701678%
0.95,503,8,1.19342,0.00699267%
0.95,288,1,1.1893,0.00696856%
0.95,283,10,1.18519,0.00694444%
0.95,234,1,1.18107,0.00692033%
0.95,346,8,1.17284,0.00687211%
0.95,354,7,1.16872,0.00684799%
0.95,593,15,1.16461,0.00682388%
0.95,542,8,1.16049,0.00679977%
0.95,404,1,1.15638,0.00677566%
0.95,580,15,1.15226,0.00675154%
0.95,535,14,1.14815,0.00672743%
0.95,532,11,1.14403,0.00670332%
0.95,560,12,1.13992,0.00667921%
0.95,298,8,1.13169,0.00663098%
0.95,297,8,1.12346,0.00658275%
0.95,543,2,1.11523,0.00653453%
0.95,570,12,1.11111,0.00651042%
0.95,460,9,1.10288,0.00646219%
0.95,266,13,1.09465,0.00641397%
0.95,594,14,1.09053,0.00638985%
0.95,285,14,1.0823,0.00634163%
0.95,588,5,1.07819,0.00631752%
0.95,574,8,1.07407,0.0062934%
0.95,516,7,1.06996,0.00626929%
0.95,468,15,1.06173,0.00622106%
0.95,447,14,1.05761,0.00619695%
0.95,403,8,1.04938,0.00614873%
0.95,582,14,1.04527,0.00612461%
0.95,403,5,1.04115,0.0061005%
0.95,253,1,1.03704,0.00607639%
0.95,430,2,1.03292,0.00605228%
0.95,550,15,1.02881,0.00602816%
0.95,525,11,1.02469,0.00600405%
0.95,522,5,1.02058,0.00597994%
0.95,461,9,1.01646,0.00595583%
0.95,384,11,1.00823,0.0059076%
0.95,253,9,1.00412,0.00588349%
0.95,331,13,1,0.00585938%
0.95,542,15,0.995885,0.00583526%
0.95,229,12,0.99177,0.00581115%
0.95,522,9,0.987654,0.00578704%
0.95,342,3,0.983539,0.00576292%
0.95,90,5,0.975309,0.0057147%
0.95,31,9,0.971193,0.00569059%
0.95,447,10,0.967078,0.00566647%
0.95,550,6,0.962963,0.00564236%
0.95,466,7,0.958848,0.00561825%
0.95,300,7,0.954733,0.00559414%
0.95,61,11,0.950617,0.00557002%
0.95,345,8,0.946502,0.00554591%
0.95,152,10,0.934156,0.00547357%
0.95,15,11,0.930041,0.00544946%
0.95,12,14,0.925926,0.00542535%
0.95,485,8,0.921811,0.00540123%
0.95,591,7,0.917695,0.00537712%
0.95,114,5,0.91358,0.00535301%
0.95,587,9,0.909465,0.0053289%
0.95,340,5,0.897119,0.00525656%
0.95,81,15,0.893004,0.00523245%
0.95,590,6,0.888889,0.00520833%
0.95,490,13,0.884774,0.00518422%
0.95,547,14,0.880658,0.00516011%
0.95,570,14,0.872428,0.00511188%
0.95,601,8,0.868313,0.00508777%
0.95,307,6,0.864198,0.00506366%
0.95,535,4,0.860082,0.00503954%
0.95,540,15,0.855967,0.00501543%
0.95,316,15,0.851852,0.00499132%
0.95,513,12,0.847737,0.00496721%
0.95,110,4,0.843621,0.00494309%
0.95,290,13,0.839506,0.00491898%
0.95,523,7,0.835391,0.00489487%
0.95,433,15,0.831276,0.00487076%
0.95,554,14,0.82716,0.00484664%
0.95,454,15,0.823045,0.00482253%
0.95,549,9,0.81893,0.00479842%
0.95,570,13,0.814815,0.00477431%
0.95,454,8,0.8107,0.00475019%
0.95,471,14,0.806584,0.00472608%
0.95,513,14,0.802469,0.00470197%
0.95,535,15,0.798354,0.00467785%
0.95,421,4,0.794239,0.00465374%
0.95,543,4,0.790123,0.00462963%
0.95,590,10,0.786008,0.00460552%
0.95,456,5,0.781893,0.0045814%
0.95,273,14,0.777778,0.00455729%
0.95,552,14,0.773663,0.00453318%
0.95,433,6,0.769547,0.00450907%
0.95,574,9,0.765432,0.00448495%
0.95,536,3,0.761317,0.00446084%
0.95,196,1,0.757202,0.00443673%
0.95,594,8,0.753086,0.00441262%
0.95,426,6,0.748971,0.0043885%
0.95,538,12,0.744856,0.00436439%
0.95,366,8,0.740741,0.00434028%
0.95,524,4,0.736625,0.00431617%
0.95,483,11,0.73251,0.00429205%
0.95,281,14,0.728395,0.00426794%
0.95,578,6,0.72428,0.00424383%
0.95,225,7,0.720165,0.00421971%
0.95,543,11,0.716049,0.0041956%
0.95,209,1,0.711934,0.00417149%
0.95,434,13,0.703704,0.00412326%
0.95,599,3,0.699588,0.00409915%
0.95,444,8,0.695473,0.00407504%
0.95,406,2,0.691358,0.00405093%
0.95,492,12,0.687243,0.00402681%
0.95,67,5,0.683128,0.0040027%
0.95,337,9,0.679012,0.00397859%
0.95,449,7,0.670782,0.00393036%
0.95,579,7,0.666667,0.00390625%
0.95,459,15,0.662551,0.00388214%
0.95,247,5,0.658436,0.00385802%
0.95,326,15,0.654321,0.00383391%
0.95,374,8,0.650206,0.0038098%
0.95,585,15,0.646091,0.00378569%
0.95,291,11,0.641975,0.00376157%
0.95,599,5,0.63786,0.00373746%
0.95,487,15,0.633745,0.00371335%
0.95,597,12,0.62963,0.00368924%
0.95,485,7,0.625514,0.00366512%
0.95,530,13,0.621399,0.00364101%
0.95,379,11,0.617284,0.0036169%
0.95,578,8,0.613169,0.00359279%
0.95,488,13,0.609053,0.00356867%
0.95,501,12,0.600823,0.00352045%
0.95,99,10,0.596708,0.00349633%
0.95,538,5,0.592593,0.00347222%
0.95,351,9,0.588477,0.00344811%
0.95,505,12,0.584362,0.003424%
0.95,432,11,0.580247,0.00339988%
0.95,531,2,0.576132,0.00337577%
0.95,408,5,0.572016,0.00335166%
0.95,466,12,0.567901,0.00332755%
0.95,367,11,0.563786,0.00330343%
0.95,135,10,0.559671,0.00327932%
0.95,596,5,0.555556,0.00325521%
0.95,394,2,0.55144,0.0032311%
0.95,339,5,0.547325,0.00320698%
0.95,589,6,0.54321,0.00318287%
0.95,521,15,0.539095,0.00315876%
0.95,73,15,0.534979,0.00313465%
0.95,528,3,0.530864,0.00311053%
0.95,588,1,0.526749,0.00308642%
0.95,413,10,0.522634,0.00306231%
0.95,558,14,0.518519,0.00303819%
0.95,179,12,0.514403,0.00301408%
0.95,50,6,0.510288,0.00298997%
0.95,537,3,0.506173,0.00296586%
0.95,571,1,0.502058,0.00294174%
0.95,398,10,0.497942,0.00291763%
0.95,117,6,0.493827,0.00289352%
0.95,348,10,0.489712,0.00286941%
0.95,512,4,0.485597,0.00284529%
0.95,286,2,0.481481,0.00282118%
0.95,557,15,0.477366,0.00279707%
0.95,550,3,0.473251,0.00277296%
0.95,575,2,0.469136,0.00274884%
0.95,228,11,0.465021,0.00272473%
0.95,433,8,0.460905,0.00270062%
0.95,281,4,0.45679,0.0026765%
0.95,384,2,0.452675,0.00265239%
0.95,511,13,0.44856,0.00262828%
0.95,525,4,0.444444,0.00260417%
0.95,259,10,0.440329,0.00258005%
0.95,535,10,0.436214,0.00255594%
0.95,533,12,0.432099,0.00253183%
0.95,572,5,0.427984,0.00250772%
0.95,536,6,0.423868,0.0024836%
0.95,535,11,0.419753,0.00245949%
0.95,578,9,0.415638,0.00243538%
0.95,532,7,0.411523,0.00241127%
0.95,482,11,0.407407,0.00238715%
0.95,573,15,0.403292,0.00236304%
0.95,490,14,0.399177,0.00233893%
0.95,370,1,0.395062,0.00231481%
0.95,272,15,0.390947,0.0022907%
0.95,460,15,0.386831,0.00226659%
0.95,560,4,0.382716,0.00224248%
0.95,563,13,0.378601,0.00221836%
0.95,553,15,0.374486,0.00219425%
0.95,383,13,0.37037,0.00217014%
0.95,432,9,0.366255,0.00214603%
0.95,586,5,0.36214,0.00212191%
0.95,533,7,0.358025,0.0020978%
0.95,323,9,0.353909,0.00207369%
0.95,313,6,0.349794,0.00204958%
0.95,345,1,0.345679,0.00202546%
0.95,460,14,0.341564,0.00200135%
0.95,467,13,0.337449,0.00197724%
0.95,580,1,0.333333,0.00195313%
0.95,583,6,0.329218,0.00192901%
0.95,573,4,0.325103,0.0019049%
0.95,577,5,0.320988,0.00188079%
0.95,463,1,0.316872,0.00185667%
0.95,515,4,0.312757,0.00183256%
0.95,581,15,0.308642,0.00180845%
0.95,551,11,0.304527,0.00178434%
0.95,494,2,0.300412,0.00176022%
0.95,537,10,0.296296,0.00173611%
0.95,593,12,0.292181,0.001712%
0.95,471,2,0.288066,0.00168789%
0.95,481,8,0.283951,0.00166377%
0.95,380,10,0.279835,0.00163966%
0.95,341,4,0.27572,0.00161555%
0.95,496,6,0.271605,0.00159144%
0.95,541,10,0.26749,0.00156732%
0.95,544,9,0.263374,0.00154321%
0.95,593,13,0.259259,0.0015191%
0.95,538,7,0.255144,0.00149498%
0.95,490,6,0.251029,0.00147087%
0.95,442,6,0.246914,0.00144676%
0.95,486,14,0.242798,0.00142265%
0.95,445,2,0.238683,0.00139853%
0.95,561,5,0.234568,0.00137442%
0.95,578,3,0.230453,0.00135031%
0.95,556,11,0.226337,0.0013262%
0.95,556,9,0.222222,0.00130208%
0.95,551,6,0.218107,0.00127797%
0.95,535,7,0.213992,0.00125386%
0.95,597,14,0.209877,0.00122975%
0.95,408,14,0.205761,0.00120563%
0.95,543,5,0.201646,0.00118152%
0.95,489,11,0.197531,0.00115741%
0.95,602,4,0.193416,0.00113329%
0.95,208,4,0.1893,0.00110918%
0.95,574,11,0.185185,0.00108507%
0.95,571,11,0.18107,0.00106096%
0.95,479,2,0.176955,0.00103684%
0.95,576,14,0.17284,0.00101273%
0.95,594,2,0.168724,0.000988619%
0.95,528,15,0.164609,0.000964506%
0.95,601,15,0.160494,0.000940394%
0.95,357,7,0.156379,0.000916281%
0.95,480,12,0.152263,0.000892168%
0.95,543,7,0.148148,0.000868056%
0.95,462,14,0.144033,0.000843943%
0.95,435,5,0.139918,0.00081983%
0.95,460,1,0.135802,0.000795718%
0.95,595,14,0.131687,0.000771605%
0.95,276,3,0.127572,0.000747492%
0.95,602,3,0.123457,0.00072338%
0.95,588,14,0.119342,0.000699267%
0.95,567,6,0.115226,0.000675154%
0.95,543,13,0.111111,0.000651042%
0.95,505,15,0.106996,0.000626929%
0.95,524,6,0.102881,0.000602816%
0.95,542,11,0.0987654,0.000578704%
0.95,520,5,0.0946502,0.000554591%
0.95,541,12,0.090535,0.000530478%
0.95,511,14,0.0864198,0.000506366%
0.95,559,5,0.0823045,0.000482253%
0.95,409,14,0.0781893,0.00045814%
0.95,559,7,0.0740741,0.000434028%
0.95,434,1,0.0699589,0.000409915%
0.95,492,7,0.0658436,0.000385802%
0.95,572,10,0.0617284,0.00036169%
0.95,565,3,0.0576132,0.000337577%
0.95,596,9,0.0534979,0.000313465%
0.95,601,9,0.0493827,0.000289352%
0.95,545,1,0.0452675,0.000265239%
0.95,534,12,0.0411523,0.000241127%
0.95,571,7,0.037037,0.000217014%
0.95,547,6,0.0329218,0.000192901%
0.95,352,6,0.0288066,0.000168789%
0.95,542,14,0.0246914,0.000144676%
0.95,482,3,0.0205761,0.000120563%
0.95,461,12,0.0164609,9.64506e-05%
0.95,595,9,0.0123457,7.2338e-05%
0.95,534,3,0.00823045,4.82253e-05%
0.95,510,10,0.00411523,2.41127e-05%
